,ID,name,description,url,detection
0,T1005,Data from Local System,"Adversaries may search local system sources, such as file systems or local databases, to find files of interest and sensitive data prior to Exfiltration.

Adversaries may do this using a [Command and Scripting Interpreter](https://attack.mitre.org/techniques/T1059), such as [cmd](https://attack.mitre.org/software/S0106), which has functionality to interact with the file system to gather information. Some adversaries may also use [Automated Collection](https://attack.mitre.org/techniques/T1119) on the local system.
",https://attack.mitre.org/techniques/T1005,Monitor processes and command-line arguments for actions that could be taken to collect files from a system. Remote access tools with built-in features may interact directly with the Windows API to gather data. Data may also be acquired through Windows system management tools such as [Windows Management Instrumentation](https://attack.mitre.org/techniques/T1047) and [PowerShell](https://attack.mitre.org/techniques/T1059/001).
1,T1020,Automated Exfiltration,"Adversaries may exfiltrate data, such as sensitive documents, through the use of automated processing after being gathered during Collection. 

When automated exfiltration is used, other exfiltration techniques likely apply as well to transfer the information out of the network, such as [Exfiltration Over C2 Channel](https://attack.mitre.org/techniques/T1041) and [Exfiltration Over Alternative Protocol](https://attack.mitre.org/techniques/T1048).",https://attack.mitre.org/techniques/T1020,Monitor process file access patterns and network behavior. Unrecognized processes or scripts that appear to be traversing file systems and sending network traffic may be suspicious.
2,T1020.001,Traffic Duplication,"Adversaries may leverage traffic mirroring in order to automate data exfiltration over compromised network infrastructure.  Traffic mirroring is a native feature for some network devices and used for network analysis and may be configured to duplicate traffic and forward to one or more destinations for analysis by a network analyzer or other monitoring device. (Citation: Cisco Traffic Mirroring) (Citation: Juniper Traffic Mirroring)

Adversaries may abuse traffic mirroring to mirror or redirect network traffic through other network infrastructure they control. Malicious modifications to network devices to enable traffic redirection may be possible through [ROMMONkit](https://attack.mitre.org/techniques/T1542/004) or [Patch System Image](https://attack.mitre.org/techniques/T1601/001).(Citation: US-CERT-TA18-106A)(Citation: Cisco Blog Legacy Device Attacks) Adversaries may use traffic duplication in conjunction with [Network Sniffing](https://attack.mitre.org/techniques/T1040), [Input Capture](https://attack.mitre.org/techniques/T1056), or [Adversary-in-the-Middle](https://attack.mitre.org/techniques/T1557) depending on the goals and objectives of the adversary.",https://attack.mitre.org/techniques/T1020/001,"Monitor network traffic for uncommon data flows (e.g. unusual network communications, suspicious communications that have never been seen before, communications sending fixed size data packets at regular intervals).  Analyze packet contents to detect communications that do not follow the expected protocol behavior for the port that is being used. "
3,T1025,Data from Removable Media,"Adversaries may search connected removable media on computers they have compromised to find files of interest. Sensitive data can be collected from any removable media (optical disk drive, USB memory, etc.) connected to the compromised system prior to Exfiltration. Interactive command shells may be in use, and common functionality within [cmd](https://attack.mitre.org/software/S0106) may be used to gather information. 

Some adversaries may also use [Automated Collection](https://attack.mitre.org/techniques/T1119) on removable media.",https://attack.mitre.org/techniques/T1025,Monitor processes and command-line arguments for actions that could be taken to collect files from a system's connected removable media. Remote access tools with built-in features may interact directly with the Windows API to gather data. Data may also be acquired through Windows system management tools such as [Windows Management Instrumentation](https://attack.mitre.org/techniques/T1047) and [PowerShell](https://attack.mitre.org/techniques/T1059/001).
4,T1041,Exfiltration Over C2 Channel,Adversaries may steal data by exfiltrating it over an existing command and control channel. Stolen data is encoded into the normal communications channel using the same protocol as command and control communications.,https://attack.mitre.org/techniques/T1041,"Analyze network data for uncommon data flows (e.g., a client sending significantly more data than it receives from a server). Processes utilizing the network that do not normally have network communication or have never been seen before are suspicious. Analyze packet contents to detect communications that do not follow the expected protocol behavior for the port that is being used. (Citation: University of Birmingham C2)"
5,T1048,Exfiltration Over Alternative Protocol,"Adversaries may steal data by exfiltrating it over a different protocol than that of the existing command and control channel. The data may also be sent to an alternate network location from the main command and control server.  

Alternate protocols include FTP, SMTP, HTTP/S, DNS, SMB, or any other network protocol not being used as the main command and control channel. Different protocol channels could also include Web services such as cloud storage. Adversaries may also opt to encrypt and/or obfuscate these alternate channels. 

[Exfiltration Over Alternative Protocol](https://attack.mitre.org/techniques/T1048) can be done using various common operating system utilities such as [Net](https://attack.mitre.org/software/S0039)/SMB or FTP.(Citation: Palo Alto OilRig Oct 2016) On macOS and Linux <code>curl</code> may be used to invoke protocols such as HTTP/S or FTP/S to exfiltrate data from a system.(Citation: 20 macOS Common Tools and Techniques) ",https://attack.mitre.org/techniques/T1048,"Analyze network data for uncommon data flows (e.g., a client sending significantly more data than it receives from a server). Processes utilizing the network that do not normally have network communication or have never been seen before are suspicious. Analyze packet contents to detect communications that do not follow the expected protocol behavior for the port that is being used. (Citation: University of Birmingham C2)"
6,T1048.002,Exfiltration Over Asymmetric Encrypted Non-C2 Protocol,"Adversaries may steal data by exfiltrating it over an asymmetrically encrypted network protocol other than that of the existing command and control channel. The data may also be sent to an alternate network location from the main command and control server. 

Asymmetric encryption algorithms are those that use different keys on each end of the channel. Also known as public-key cryptography, this requires pairs of cryptographic keys that can encrypt/decrypt data from the corresponding key. Each end of the communication channels requires a private key (only in the procession of that entity) and the public key of the other entity. The public keys of each entity are exchanged before encrypted communications begin. 

Network protocols that use asymmetric encryption (such as HTTPS/TLS/SSL) often utilize symmetric encryption once keys are exchanged. Adversaries may opt to use these encrypted mechanisms that are baked into a protocol. ",https://attack.mitre.org/techniques/T1048/002,"Analyze network data for uncommon data flows (e.g., a client sending significantly more data than it receives from a server). Processes utilizing the network that do not normally have network communication or have never been seen before are suspicious.(Citation: University of Birmingham C2) "
7,T1048.003,Exfiltration Over Unencrypted/Obfuscated Non-C2 Protocol,"Adversaries may steal data by exfiltrating it over an un-encrypted network protocol other than that of the existing command and control channel. The data may also be sent to an alternate network location from the main command and control server. 

Adversaries may opt to obfuscate this data, without the use of encryption, within network protocols that are natively unencrypted (such as HTTP, FTP, or DNS). This may include custom or publicly available encoding/compression algorithms (such as base64) as well as embedding data within protocol headers and fields. ",https://attack.mitre.org/techniques/T1048/003,"Analyze network data for uncommon data flows (e.g., a client sending significantly more data than it receives from a server). Processes utilizing the network that do not normally have network communication or have never been seen before are suspicious. Analyze packet contents to detect communications that do not follow the expected protocol behavior for the port that is being used. (Citation: University of Birmingham C2) "
8,T1052.001,Exfiltration over USB,"Adversaries may attempt to exfiltrate data over a USB connected physical device. In certain circumstances, such as an air-gapped network compromise, exfiltration could occur via a USB device introduced by a user. The USB device could be used as the final exfiltration point or to hop between otherwise disconnected systems.",https://attack.mitre.org/techniques/T1052/001,Monitor file access on removable media. Detect processes that execute when removable media are mounted.
9,T1056,Input Capture,"Adversaries may use methods of capturing user input to obtain credentials or collect information. During normal system usage, users often provide credentials to various different locations, such as login pages/portals or system dialog boxes. Input capture mechanisms may be transparent to the user (e.g. [Credential API Hooking](https://attack.mitre.org/techniques/T1056/004)) or rely on deceiving the user into providing input into what they believe to be a genuine service (e.g. [Web Portal Capture](https://attack.mitre.org/techniques/T1056/003)).",https://attack.mitre.org/techniques/T1056,"Detection may vary depending on how input is captured but may include monitoring for certain Windows API calls (e.g. `SetWindowsHook`, `GetKeyState`, and `GetAsyncKeyState`)(Citation: Adventures of a Keystroke), monitoring for malicious instances of [Command and Scripting Interpreter](https://attack.mitre.org/techniques/T1059), and ensuring no unauthorized drivers or kernel modules that could indicate keylogging or API hooking are present."
10,T1056.002,GUI Input Capture,"Adversaries may mimic common operating system GUI components to prompt users for credentials with a seemingly legitimate prompt. When programs are executed that need additional privileges than are present in the current user context, it is common for the operating system to prompt the user for proper credentials to authorize the elevated privileges for the task (ex: [Bypass User Account Control](https://attack.mitre.org/techniques/T1548/002)).

Adversaries may mimic this functionality to prompt users for credentials with a seemingly legitimate prompt for a number of reasons that mimic normal usage, such as a fake installer requiring additional access or a fake malware removal suite.(Citation: OSX Malware Exploits MacKeeper) This type of prompt can be used to collect credentials via various languages such as [AppleScript](https://attack.mitre.org/techniques/T1059/002)(Citation: LogRhythm Do You Trust Oct 2014)(Citation: OSX Keydnap malware)(Citation: Spoofing credential dialogs) and [PowerShell](https://attack.mitre.org/techniques/T1059/001).(Citation: LogRhythm Do You Trust Oct 2014)(Citation: Enigma Phishing for Credentials Jan 2015)(Citation: Spoofing credential dialogs) On Linux systems attackers may launch dialog boxes prompting users for credentials from malicious shell scripts or the command line (i.e. [Unix Shell](https://attack.mitre.org/techniques/T1059/004)).(Citation: Spoofing credential dialogs) ",https://attack.mitre.org/techniques/T1056/002,"Monitor process execution for unusual programs as well as malicious instances of [Command and Scripting Interpreter](https://attack.mitre.org/techniques/T1059) that could be used to prompt users for credentials. For example, command/script history including abnormal parameters (such as requests for credentials and/or strings related to creating password prompts) may be malicious.(Citation: Spoofing credential dialogs) 

Inspect and scrutinize input prompts for indicators of illegitimacy, such as non-traditional banners, text, timing, and/or sources. "
11,T1114,Email Collection,"Adversaries may target user email to collect sensitive information. Emails may contain sensitive data, including trade secrets or personal information, that can prove valuable to adversaries. Adversaries can collect or forward email from mail servers or clients. ",https://attack.mitre.org/techniques/T1114,"There are likely a variety of ways an adversary could collect email from a target, each with a different mechanism for detection.

File access of local system email files for Exfiltration, unusual processes connecting to an email server within a network, or unusual access patterns or authentication attempts on a public-facing webmail server may all be indicators of malicious activity.

Monitor processes and command-line arguments for actions that could be taken to gather local email files. Remote access tools with built-in features may interact directly with the Windows API to gather information. Information may also be acquired through Windows system management tools such as [Windows Management Instrumentation](https://attack.mitre.org/techniques/T1047) and [PowerShell](https://attack.mitre.org/techniques/T1059/001).

Detection is challenging because all messages forwarded because of an auto-forwarding rule have the same presentation as a manually forwarded message. It is also possible for the user to not be aware of the addition of such an auto-forwarding rule and not suspect that their account has been compromised; email-forwarding rules alone will not affect the normal usage patterns or operations of the email account.

Auto-forwarded messages generally contain specific detectable artifacts that may be present in the header; such artifacts would be platform-specific. Examples include <code>X-MS-Exchange-Organization-AutoForwarded</code> set to true, <code>X-MailFwdBy</code> and <code>X-Forwarded-To</code>. The <code>forwardingSMTPAddress</code> parameter used in a forwarding process that is managed by administrators and not by user actions. All messages for the mailbox are forwarded to the specified SMTP address. However, unlike typical client-side rules, the message does not appear as forwarded in the mailbox; it appears as if it were sent directly to the specified destination mailbox.(Citation: Microsoft Tim McMichael Exchange Mail Forwarding 2) High volumes of emails that bear the <code>X-MS-Exchange-Organization-AutoForwarded</code> header (indicating auto-forwarding) without a corresponding number of emails that match the appearance of a forwarded message may indicate that further investigation is needed at the administrator level rather than user-level."
12,T1114.003,Email Forwarding Rule,"Adversaries may setup email forwarding rules to collect sensitive information. Adversaries may abuse email-forwarding rules to monitor the activities of a victim, steal information, and further gain intelligence on the victim or the victim’s organization to use as part of further exploits or operations.(Citation: US-CERT TA18-068A 2018) Furthermore, email forwarding rules can allow adversaries to maintain persistent access to victim's emails even after compromised credentials are reset by administrators.(Citation: Pfammatter - Hidden Inbox Rules) Most email clients allow users to create inbox rules for various email functions, including forwarding to a different recipient. These rules may be created through a local email application, a web interface, or by command-line interface. Messages can be forwarded to internal or external recipients, and there are no restrictions limiting the extent of this rule. Administrators may also create forwarding rules for user accounts with the same considerations and outcomes.(Citation: Microsoft Tim McMichael Exchange Mail Forwarding 2)(Citation: Mac Forwarding Rules)

Any user or administrator within the organization (or adversary with valid credentials) can create rules to automatically forward all received messages to another recipient, forward emails to different locations based on the sender, and more. Adversaries may also hide the rule by making use of the Microsoft Messaging API (MAPI) to modify the rule properties, making it hidden and not visible from Outlook, OWA or most Exchange Administration tools.(Citation: Pfammatter - Hidden Inbox Rules)",https://attack.mitre.org/techniques/T1114/003,"Detection is challenging because all messages forwarded because of an auto-forwarding rule have the same presentation as a manually forwarded message. It is also possible for the user to not be aware of the addition of such an auto-forwarding rule and not suspect that their account has been compromised; email-forwarding rules alone will not affect the normal usage patterns or operations of the email account. This is especially true in cases with hidden auto-forwarding rules. This makes it only possible to reliably detect the existence of a hidden auto-forwarding rule by examining message tracking logs or by using a MAPI editor to notice the modified rule property values.(Citation: Pfammatter - Hidden Inbox Rules)

Auto-forwarded messages generally contain specific detectable artifacts that may be present in the header; such artifacts would be platform-specific. Examples include `X-MS-Exchange-Organization-AutoForwarded` set to true, `X-MailFwdBy` and `X-Forwarded-To`. The `forwardingSMTPAddress` parameter used in a forwarding process that is managed by administrators and not by user actions. All messages for the mailbox are forwarded to the specified SMTP address. However, unlike typical client-side rules, the message does not appear as forwarded in the mailbox; it appears as if it were sent directly to the specified destination mailbox.(Citation: Microsoft Tim McMichael Exchange Mail Forwarding 2) High volumes of emails that bear the `X-MS-Exchange-Organization-AutoForwarded` header (indicating auto-forwarding) without a corresponding number of emails that match the appearance of a forwarded message may indicate that further investigation is needed at the administrator level rather than user-level."
13,T1185,Browser Session Hijacking,"Adversaries may take advantage of security vulnerabilities and inherent functionality in browser software to change content, modify user-behaviors, and intercept information as part of various browser session hijacking techniques.(Citation: Wikipedia Man in the Browser)

A specific example is when an adversary injects software into a browser that allows them to inherit cookies, HTTP sessions, and SSL client certificates of a user then use the browser as a way to pivot into an authenticated intranet.(Citation: Cobalt Strike Browser Pivot)(Citation: ICEBRG Chrome Extensions) Executing browser-based behaviors such as pivoting may require specific process permissions, such as <code>SeDebugPrivilege</code> and/or high-integrity/administrator rights.

Another example involves pivoting browser traffic from the adversary's browser through the user's browser by setting up a proxy which will redirect web traffic. This does not alter the user's traffic in any way, and the proxy connection can be severed as soon as the browser is closed. The adversary assumes the security context of whichever browser process the proxy is injected into. Browsers typically create a new process for each tab that is opened and permissions and certificates are separated accordingly. With these permissions, an adversary could potentially browse to any resource on an intranet, such as [Sharepoint](https://attack.mitre.org/techniques/T1213/002) or webmail, that is accessible through the browser and which the browser has sufficient permissions. Browser pivoting may also bypass security provided by 2-factor authentication.(Citation: cobaltstrike manual)",https://attack.mitre.org/techniques/T1185,"This may be a difficult technique to detect because adversary traffic may be masked by normal user traffic. New processes may not be created and no additional software dropped to disk. Authentication logs can be used to audit logins to specific web applications, but determining malicious logins versus benign logins may be difficult if activity matches typical user behavior. Monitor for [Process Injection](https://attack.mitre.org/techniques/T1055) against browser applications."
14,T1213,Data from Information Repositories,"Adversaries may leverage information repositories to mine valuable information. Information repositories are tools that allow for storage of information, typically to facilitate collaboration or information sharing between users, and can store a wide variety of data that may aid adversaries in further objectives, or direct access to the target information. Adversaries may also abuse external sharing features to share sensitive documents with recipients outside of the organization. 

The following is a brief list of example information that may hold potential value to an adversary and may also be found on an information repository:

* Policies, procedures, and standards
* Physical / logical network diagrams
* System architecture diagrams
* Technical system documentation
* Testing / development credentials
* Work / project schedules
* Source code snippets
* Links to network shares and other internal resources

Information stored in a repository may vary based on the specific instance or environment. Specific common information repositories include web-based platforms such as [Sharepoint](https://attack.mitre.org/techniques/T1213/002) and [Confluence](https://attack.mitre.org/techniques/T1213/001), specific services such as Code Repositories, IaaS databases, enterprise databases, and other storage infrastructure such as SQL Server.",https://attack.mitre.org/techniques/T1213,"As information repositories generally have a considerably large user base, detection of malicious use can be non-trivial. At minimum, access to information repositories performed by privileged users (for example, Active Directory Domain, Enterprise, or Schema Administrators) should be closely monitored and alerted upon, as these types of accounts should generally not be used to access information repositories. If the capability exists, it may be of value to monitor and alert on users that are retrieving and viewing a large number of documents and pages; this behavior may be indicative of programmatic means being used to retrieve all data within the repository. In environments with high-maturity, it may be possible to leverage User-Behavioral Analytics (UBA) platforms to detect and alert on user based anomalies.

The user access logging within Microsoft's SharePoint can be configured to report access to certain pages and documents. (Citation: Microsoft SharePoint Logging) Sharepoint audit logging can also be configured to report when a user shares a resource. (Citation: Sharepoint Sharing Events) The user access logging within Atlassian's Confluence can also be configured to report access to certain pages and documents through AccessLogFilter. (Citation: Atlassian Confluence Logging) Additional log storage and analysis infrastructure will likely be required for more robust detection capabilities. "
15,T1213.001,Confluence,"
Adversaries may leverage Confluence repositories to mine valuable information. Often found in development environments alongside Atlassian JIRA, Confluence is generally used to store development-related documentation, however, in general may contain more diverse categories of useful information, such as:

* Policies, procedures, and standards
* Physical / logical network diagrams
* System architecture diagrams
* Technical system documentation
* Testing / development credentials
* Work / project schedules
* Source code snippets
* Links to network shares and other internal resources
",https://attack.mitre.org/techniques/T1213/001,"Monitor access to Confluence repositories performed by privileged users (for example, Active Directory Domain, Enterprise, or Schema Administrators) as these types of accounts should generally not be used to access information repositories. If the capability exists, it may be of value to monitor and alert on users that are retrieving and viewing a large number of documents and pages; this behavior may be indicative of programmatic means being used to retrieve all data within the repository. In environments with high-maturity, it may be possible to leverage User-Behavioral Analytics (UBA) platforms to detect and alert on user based anomalies.

User access logging within Atlassian's Confluence can be configured to report access to certain pages and documents through AccessLogFilter. (Citation: Atlassian Confluence Logging) Additional log storage and analysis infrastructure will likely be required for more robust detection capabilities."
16,T1213.002,Sharepoint,"Adversaries may leverage the SharePoint repository as a source to mine valuable information. SharePoint will often contain useful information for an adversary to learn about the structure and functionality of the internal network and systems. For example, the following is a list of example information that may hold potential value to an adversary and may also be found on SharePoint:

* Policies, procedures, and standards
* Physical / logical network diagrams
* System architecture diagrams
* Technical system documentation
* Testing / development credentials
* Work / project schedules
* Source code snippets
* Links to network shares and other internal resources
",https://attack.mitre.org/techniques/T1213/002,"The user access logging within Microsoft's SharePoint can be configured to report access to certain pages and documents. (Citation: Microsoft SharePoint Logging). As information repositories generally have a considerably large user base, detection of malicious use can be non-trivial. At minimum, access to information repositories performed by privileged users (for example, Active Directory Domain, Enterprise, or Schema Administrators) should be closely monitored and alerted upon, as these types of accounts should generally not be used to access information repositories. If the capability exists, it may be of value to monitor and alert on users that are retrieving and viewing a large number of documents and pages; this behavior may be indicative of programmatic means being used to retrieve all data within the repository. In environments with high-maturity, it may be possible to leverage User-Behavioral Analytics (UBA) platforms to detect and alert on user based anomalies. 

"
17,T1213.003,Code Repositories,"Adversaries may leverage code repositories to collect valuable information. Code repositories are tools/services that store source code and automate software builds. They may be hosted internally or privately on third party sites such as Github, GitLab, SourceForge, and BitBucket. Users typically interact with code repositories through a web application or command-line utilities such as git.


Once adversaries gain access to a victim network or a private code repository, they may collect sensitive information such as proprietary source code or credentials contained within software's source code.  Having access to software's source code may allow adversaries to develop [Exploits](https://attack.mitre.org/techniques/T1587/004), while credentials may provide access to additional resources using [Valid Accounts](https://attack.mitre.org/techniques/T1078).(Citation: Wired Uber Breach)(Citation: Krebs Adobe)",https://attack.mitre.org/techniques/T1213/003,"Monitor access to code repositories, especially performed by privileged users such as Active Directory Domain or Enterprise Administrators as these types of accounts should generally not be used to access code repositories. In environments with high-maturity, it may be possible to leverage User-Behavioral Analytics (UBA) platforms to detect and alert on user-based anomalies."
18,T1557,Adversary-in-the-Middle,"Adversaries may attempt to position themselves between two or more networked devices using an adversary-in-the-middle (AiTM) technique to support follow-on behaviors such as [Network Sniffing](https://attack.mitre.org/techniques/T1040) or [Transmitted Data Manipulation](https://attack.mitre.org/techniques/T1565/002). By abusing features of common networking protocols that can determine the flow of network traffic (e.g. ARP, DNS, LLMNR, etc.), adversaries may force a device to communicate through an adversary controlled system so they can collect information or perform additional actions.(Citation: Rapid7 MiTM Basics)

Adversaries may leverage the AiTM position to attempt to modify traffic, such as in [Transmitted Data Manipulation](https://attack.mitre.org/techniques/T1565/002). Adversaries can also stop traffic from flowing to the appropriate destination, causing denial of service.",https://attack.mitre.org/techniques/T1557,Monitor network traffic for anomalies associated with known AiTM behavior. Consider monitoring for modifications to system configuration files involved in shaping network traffic flow.
19,T1557.001,LLMNR/NBT-NS Poisoning and SMB Relay,"By responding to LLMNR/NBT-NS network traffic, adversaries may spoof an authoritative source for name resolution to force communication with an adversary controlled system. This activity may be used to collect or relay authentication materials. 

Link-Local Multicast Name Resolution (LLMNR) and NetBIOS Name Service (NBT-NS) are Microsoft Windows components that serve as alternate methods of host identification. LLMNR is based upon the Domain Name System (DNS) format and allows hosts on the same local link to perform name resolution for other hosts. NBT-NS identifies systems on a local network by their NetBIOS name. (Citation: Wikipedia LLMNR) (Citation: TechNet NetBIOS)

Adversaries can spoof an authoritative source for name resolution on a victim network by responding to LLMNR (UDP 5355)/NBT-NS (UDP 137) traffic as if they know the identity of the requested host, effectively poisoning the service so that the victims will communicate with the adversary controlled system. If the requested host belongs to a resource that requires identification/authentication, the username and NTLMv2 hash will then be sent to the adversary controlled system. The adversary can then collect the hash information sent over the wire through tools that monitor the ports for traffic or through [Network Sniffing](https://attack.mitre.org/techniques/T1040) and crack the hashes offline through [Brute Force](https://attack.mitre.org/techniques/T1110) to obtain the plaintext passwords. In some cases where an adversary has access to a system that is in the authentication path between systems or when automated scans that use credentials attempt to authenticate to an adversary controlled system, the NTLMv2 hashes can be intercepted and relayed to access and execute code against a target system. The relay step can happen in conjunction with poisoning but may also be independent of it. (Citation: byt3bl33d3r NTLM Relaying)(Citation: Secure Ideas SMB Relay)

Several tools exist that can be used to poison name services within local networks such as NBNSpoof, Metasploit, and [Responder](https://attack.mitre.org/software/S0174). (Citation: GitHub NBNSpoof) (Citation: Rapid7 LLMNR Spoofer) (Citation: GitHub Responder)",https://attack.mitre.org/techniques/T1557/001,"Monitor <code>HKLM\Software\Policies\Microsoft\Windows NT\DNSClient</code> for changes to the ""EnableMulticast"" DWORD value. A value of “0” indicates LLMNR is disabled. (Citation: Sternsecurity LLMNR-NBTNS)

Monitor for traffic on ports UDP 5355 and UDP 137 if LLMNR/NetBIOS is disabled by security policy.

Deploy an LLMNR/NBT-NS spoofing detection tool.(Citation: GitHub Conveigh) Monitoring of Windows event logs for event IDs 4697 and 7045 may help in detecting successful relay techniques.(Citation: Secure Ideas SMB Relay)"
20,T1557.002,ARP Cache Poisoning,"Adversaries may poison Address Resolution Protocol (ARP) caches to position themselves between the communication of two or more networked devices. This activity may be used to enable follow-on behaviors such as [Network Sniffing](https://attack.mitre.org/techniques/T1040) or [Transmitted Data Manipulation](https://attack.mitre.org/techniques/T1565/002).

The ARP protocol is used to resolve IPv4 addresses to link layer addresses, such as a media access control (MAC) address.(Citation: RFC826 ARP) Devices in a local network segment communicate with each other by using link layer addresses. If a networked device does not have the link layer address of a particular networked device, it may send out a broadcast ARP request to the local network to translate the IP address to a MAC address. The device with the associated IP address directly replies with its MAC address. The networked device that made the ARP request will then use as well as store that information in its ARP cache.

An adversary may passively wait for an ARP request to poison the ARP cache of the requesting device. The adversary may reply with their MAC address, thus deceiving the victim by making them believe that they are communicating with the intended networked device. For the adversary to poison the ARP cache, their reply must be faster than the one made by the legitimate IP address owner. Adversaries may also send a gratuitous ARP reply that maliciously announces the ownership of a particular IP address to all the devices in the local network segment.

The ARP protocol is stateless and does not require authentication. Therefore, devices may wrongly add or update the MAC address of the IP address in their ARP cache.(Citation: Sans ARP Spoofing Aug 2003)(Citation: Cylance Cleaver)

Adversaries may use ARP cache poisoning as a means to intercept network traffic. This activity may be used to collect and/or relay data such as credentials, especially those sent over an insecure, unencrypted protocol.(Citation: Sans ARP Spoofing Aug 2003)
",https://attack.mitre.org/techniques/T1557/002,"Monitor network traffic for unusual ARP traffic, gratuitous ARP replies may be suspicious. 

Consider collecting changes to ARP caches across endpoints for signs of ARP poisoning. For example, if multiple IP addresses map to a single MAC address, this could be an indicator that the ARP cache has been poisoned."
21,T1567,Exfiltration Over Web Service,"Adversaries may use an existing, legitimate external Web service to exfiltrate data rather than their primary command and control channel. Popular Web services acting as an exfiltration mechanism may give a significant amount of cover due to the likelihood that hosts within a network are already communicating with them prior to compromise. Firewall rules may also already exist to permit traffic to these services.

Web service providers also commonly use SSL/TLS encryption, giving adversaries an added level of protection.",https://attack.mitre.org/techniques/T1567,"Analyze network data for uncommon data flows (e.g., a client sending significantly more data than it receives from a server). Processes utilizing the network that do not normally have network communication or have never been seen before are suspicious. User behavior monitoring may help to detect abnormal patterns of activity."
