,source ID,source name,source type,mapping type,target ID,target name,target type,mapping description
1804,G0099,APT-C-36,group,uses,S0434,Imminent Monitor,software,(Citation: QiAnXin APT-C-36 Feb2019)
783,G0006,APT1,group,uses,S0017,BISCUIT,software,(Citation: Mandiant APT1)
73,G0006,APT1,group,uses,S0025,CALENDAR,software,(Citation: Mandiant APT1)
1093,G0006,APT1,group,uses,S0119,Cachedump,software,(Citation: Mandiant APT1)
262,G0006,APT1,group,uses,S0026,GLOOXMAIL,software,(Citation: Mandiant APT1)
698,G0006,APT1,group,uses,S0121,Lslsass,software,(Citation: Mandiant APT1)
350,G0006,APT1,group,uses,S0002,Mimikatz,software,(Citation: Mandiant APT1)
917,G0006,APT1,group,uses,S0039,Net,software,(Citation: Mandiant APT1)
1052,G0006,APT1,group,uses,S0122,Pass-The-Hash Toolkit,software,(Citation: Mandiant APT1)
1229,G0006,APT1,group,uses,S0012,PoisonIvy,software,(Citation: Mandiant APT1)
981,G0006,APT1,group,uses,S0029,PsExec,software,(Citation: Mandiant APT1)
1266,G0006,APT1,group,uses,S0345,Seasalt,software,(Citation: Mandiant APT1 Appendix)(Citation: McAfee Oceansalt Oct 2018)
273,G0006,APT1,group,uses,S0057,Tasklist,software,(Citation: Mandiant APT1)
1179,G0006,APT1,group,uses,S0109,WEBC2,software,(Citation: Mandiant APT1)
858,G0006,APT1,group,uses,S0008,gsecdump,software,(Citation: Mandiant APT1)
282,G0006,APT1,group,uses,S0100,ipconfig,software,(Citation: Mandiant APT1)
162,G0006,APT1,group,uses,S0006,pwdump,software,(Citation: Mandiant APT1)
1189,G0006,APT1,group,uses,S0123,xCmd,software,(Citation: Mandiant APT1 Appendix)
1478,G0005,APT12,group,uses,S0040,HTRAN,software,(Citation: Trend Micro IXESHE 2012)
76,G0005,APT12,group,uses,S0015,Ixeshe,software,(Citation: Moran 2013)(Citation: Moran 2014)
355,G0005,APT12,group,uses,S0003,RIPTIDE,software,(Citation: Moran 2014)
81,G0023,APT16,group,uses,S0064,ELMER,software,(Citation: FireEye EPS Awakens Part 2)
572,G0025,APT17,group,uses,S0069,BLACKCOFFEE,software,(Citation: FireEye APT17)
47,G0026,APT18,group,uses,S0070,HTTPBrowser,software,(Citation: RSA2017 Detect and Respond Adair)
554,G0026,APT18,group,uses,S0124,Pisloader,software,(Citation: Palo Alto DNS Requests)
177,G0026,APT18,group,uses,S0106,cmd,software,(Citation: Dell Lateral Movement)
860,G0026,APT18,group,uses,S0032,gh0st RAT,software,(Citation: RSA2017 Detect and Respond Adair)
1271,G0026,APT18,group,uses,S0071,hcdLoader,software,(Citation: Dell Lateral Movement)(Citation: ThreatStream Evasion Analysis)
2352,G0073,APT19,group,uses,S0154,Cobalt Strike,software,(Citation: FireEye APT19)
1327,G0073,APT19,group,uses,S0363,Empire,software,(Citation: NCSC Joint Report Public Tools)
449,G0007,APT28,group,uses,S0045,ADVSTORESHELL,software,(Citation: Kaspersky Sofacy)(Citation: Securelist Sofacy Feb 2018)
1171,G0007,APT28,group,uses,S0023,CHOPSTICK,software,(Citation: FireEye APT28)(Citation: Kaspersky Sofacy)(Citation: Securelist Sofacy Feb 2018)
1129,G0007,APT28,group,uses,S0137,CORESHELL,software,(Citation: FireEye APT28)
1141,G0007,APT28,group,uses,S0351,Cannon,software,(Citation: Unit42 Cannon Nov 2018)(Citation: Unit42 Sofacy Dec 2018)
344,G0007,APT28,group,uses,S0243,DealersChoice,software,(Citation: Sofacy DealersChoice)
1585,G0007,APT28,group,uses,S0134,Downdelph,software,(Citation: ESET Sednit Part 3)
2236,G0007,APT28,group,uses,S0502,Drovorub,software,(Citation: NSA/FBI Drovorub August 2020)
1005,G0007,APT28,group,uses,S0193,Forfiles,software,(Citation: Überwachung APT28 Forfiles June 2015)
1596,G0007,APT28,group,uses,S0410,Fysbis,software,(Citation: Fysbis Palo Alto Analysis)
31,G0007,APT28,group,uses,S0135,HIDEDRV,software,(Citation: ESET Sednit Part 3)
191,G0007,APT28,group,uses,S0044,JHUHUGIT,software,(Citation: FireEye APT28 January 2017)(Citation: Kaspersky Sofacy)(Citation: Securelist Sofacy Feb 2018)(Citation: US District Court Indictment GRU Oct 2018)
923,G0007,APT28,group,uses,S0250,Koadic,software,(Citation: Palo Alto Sofacy 06-2018)
1180,G0007,APT28,group,uses,S0162,Komplex,software,(Citation: XAgentOSX 2017)(Citation: Sofacy Komplex Trojan)
1507,G0007,APT28,group,uses,S0397,LoJax,software,(Citation: ESET LoJax Sept 2018)
62,G0007,APT28,group,uses,S0002,Mimikatz,software,(Citation: Kaspersky Sofacy)
3096,G0007,APT28,group,uses,S0039,Net,software,(Citation: Cybersecurity Advisory GRU Brute Force Campaign July 2021)
630,G0007,APT28,group,uses,S0138,OLDBAIT,software,(Citation: FireEye APT28)
94,G0007,APT28,group,uses,S0174,Responder,software,(Citation: FireEye APT28 Hospitality Aug 2017)(Citation: US District Court Indictment GRU Oct 2018) 
3148,G0007,APT28,group,uses,S0183,Tor,software,(Citation: Cybersecurity Advisory GRU Brute Force Campaign July 2021)
3,G0007,APT28,group,uses,S0136,USBStealer,software,(Citation: ESET Sednit Part 3)
3192,G0007,APT28,group,uses,S0645,Wevtutil,software,(Citation: Crowdstrike DNC June 2016)
868,G0007,APT28,group,uses,S0191,Winexe,software,(Citation: Überwachung APT28 Forfiles June 2015)
679,G0007,APT28,group,uses,S0161,XAgentOSX,software,(Citation: XAgentOSX 2017)(Citation: Symantec APT28 Oct 2018)(Citation: US District Court Indictment GRU Oct 2018)
842,G0007,APT28,group,uses,S0117,XTunnel,software,(Citation: ESET Sednit Part 3)(Citation: Symantec APT28 Oct 2018)(Citation: US District Court Indictment GRU Oct 2018)
960,G0007,APT28,group,uses,S0251,Zebrocy,software,(Citation: Palo Alto Sofacy 06-2018)(Citation: Unit42 Cannon Nov 2018)(Citation: Securelist Sofacy Feb 2018)(Citation: Unit42 Sofacy Dec 2018)(Citation: ESET Zebrocy May 2019)
650,G0007,APT28,group,uses,S0160,certutil,software,(Citation: Unit 42 Sofacy Feb 2018)(Citation: Cybersecurity Advisory GRU Brute Force Campaign July 2021)
2943,G0016,APT29,group,uses,S0552,AdFind,software,(Citation: Microsoft Analyzing Solorigate Dec 2020)
3111,G0016,APT29,group,uses,S0635,BoomBox,software,(Citation: MSTIC Nobelium Toolset May 2021)
595,G0016,APT29,group,uses,S0054,CloudDuke,software,(Citation: F-Secure The Dukes)
2358,G0016,APT29,group,uses,S0154,Cobalt Strike,software,(Citation: FireEye APT29 Nov 2018)(Citation: FireEye SUNBURST Backdoor December 2020)(Citation: Cybersecurity Advisory SVR TTP May 2021)(Citation: MSTIC NOBELIUM May 2021)(Citation: MSTIC Nobelium Toolset May 2021)(Citation: SentinelOne NobleBaron June 2021)
835,G0016,APT29,group,uses,S0050,CosmicDuke,software,(Citation: F-Secure The Dukes)
535,G0016,APT29,group,uses,S0046,CozyCar,software,(Citation: F-Secure The Dukes)
3110,G0016,APT29,group,uses,S0634,EnvyScout,software,(Citation: MSTIC Nobelium Toolset May 2021)
3090,G0016,APT29,group,uses,S0512,FatDuke,software,(Citation: ESET Dukes October 2019)
758,G0016,APT29,group,uses,S0049,GeminiDuke,software,(Citation: F-Secure The Dukes)
2942,G0016,APT29,group,uses,S0597,GoldFinder,software,(Citation: MSTIC NOBELIUM Mar 2021)(Citation: Cybersecurity Advisory SVR TTP May 2021)(Citation: MSTIC Nobelium Toolset May 2021)
2944,G0016,APT29,group,uses,S0588,GoldMax,software,(Citation: MSTIC NOBELIUM Mar 2021)(Citation: Cybersecurity Advisory SVR TTP May 2021)(Citation: MSTIC NOBELIUM May 2021)(Citation: MSTIC Nobelium Toolset May 2021)
966,G0016,APT29,group,uses,S0037,HAMMERTOSS,software,(Citation: F-Secure The Dukes)
3335,G0016,APT29,group,uses,S0513,LiteDuke,software,(Citation: ESET Dukes October 2019)
1026,G0016,APT29,group,uses,S0002,Mimikatz,software,(Citation: F-Secure The Dukes)(Citation: Microsoft 365 Defender Solorigate)
932,G0016,APT29,group,uses,S0051,MiniDuke,software,(Citation: F-Secure The Dukes)(Citation: ESET Dukes October 2019)
3370,G0016,APT29,group,uses,S0637,NativeZone,software,(Citation: SentinelOne NobleBaron June 2021)
2287,G0016,APT29,group,uses,S0039,Net,software,(Citation: CISA SoreFang July 2016)
1084,G0016,APT29,group,uses,S0052,OnionDuke,software,(Citation: F-Secure The Dukes)(Citation: ESET Dukes October 2019)
1073,G0016,APT29,group,uses,S0150,POSHSPY,software,(Citation: FireEye POSHSPY April 2017)
352,G0016,APT29,group,uses,S0048,PinchDuke,software,(Citation: F-Secure The Dukes)
2279,G0016,APT29,group,uses,S0518,PolyglotDuke,software,(Citation: ESET Dukes October 2019)
660,G0016,APT29,group,uses,S0139,PowerDuke,software,(Citation: Volexity PowerDuke November 2016)
1079,G0016,APT29,group,uses,S0029,PsExec,software,(Citation: F-Secure The Dukes)(Citation: ESET Dukes October 2019)
2941,G0016,APT29,group,uses,S0565,Raindrop,software,(Citation: Symantec RAINDROP January 2021)(Citation: MSTIC Nobelium Toolset May 2021)
2280,G0016,APT29,group,uses,S0511,RegDuke,software,(Citation: ESET Dukes October 2019)
703,G0016,APT29,group,uses,S0195,SDelete,software,(Citation: Mandiant No Easy Breach)
2945,G0016,APT29,group,uses,S0559,SUNBURST,software,(Citation: FireEye SUNBURST Backdoor December 2020)(Citation: MSTIC NOBELIUM May 2021)
2938,G0016,APT29,group,uses,S0562,SUNSPOT,software,(Citation: CrowdStrike SUNSPOT Implant January 2021)(Citation: MSTIC Nobelium Toolset May 2021)
1235,G0016,APT29,group,uses,S0053,SeaDuke,software,(Citation: F-Secure The Dukes)
2939,G0016,APT29,group,uses,S0589,Sibot,software,(Citation: MSTIC NOBELIUM Mar 2021)(Citation: Cybersecurity Advisory SVR TTP May 2021)(Citation: MSTIC Nobelium Toolset May 2021)
3107,G0016,APT29,group,uses,S0633,Sliver,software,(Citation: Cybersecurity Advisory SVR TTP May 2021)
2288,G0016,APT29,group,uses,S0516,SoreFang,software,(Citation: NCSC APT29 July 2020)(Citation: CISA SoreFang July 2016)
2285,G0016,APT29,group,uses,S0096,Systeminfo,software,(Citation: CISA SoreFang July 2016)
2940,G0016,APT29,group,uses,S0560,TEARDROP,software,(Citation: FireEye SUNBURST Backdoor December 2020)(Citation: MSTIC NOBELIUM May 2021)(Citation: MSTIC Nobelium Toolset May 2021)
2284,G0016,APT29,group,uses,S0057,Tasklist,software,(Citation: CISA SoreFang July 2016)
478,G0016,APT29,group,uses,S0183,Tor,software,(Citation: Mandiant No Easy Breach)
3112,G0016,APT29,group,uses,S0636,VaporRage,software,(Citation: MSTIC Nobelium Toolset May 2021)
2283,G0016,APT29,group,uses,S0515,WellMail,software,(Citation: CISA WellMail July 2020)(Citation: NCSC APT29 July 2020)(Citation: Cybersecurity Advisory SVR TTP May 2021)
2281,G0016,APT29,group,uses,S0514,WellMess,software,(Citation: PWC WellMess July 2020)(Citation: PWC WellMess C2 August 2020)(Citation: CISA WellMess July 2020)(Citation: NCSC APT29 July 2020)(Citation: Cybersecurity Advisory SVR TTP May 2021)
2286,G0016,APT29,group,uses,S0100,ipconfig,software,(Citation: CISA SoreFang July 2016)
281,G0016,APT29,group,uses,S0175,meek,software,(Citation: Mandiant No Easy Breach)
1260,G0022,APT3,group,uses,S0349,LaZagne,software,(Citation: Symantec Buckeye)
947,G0022,APT3,group,uses,S0165,OSInfo,software,(Citation: Symantec Buckeye)
801,G0022,APT3,group,uses,S0013,PlugX,software,(Citation: FireEye Clandestine Fox Part 2)
0,G0022,APT3,group,uses,S0166,RemoteCMD,software,(Citation: Symantec Buckeye)
1066,G0022,APT3,group,uses,S0063,SHOTPUT,software,(Citation: FireEye Clandestine Wolf)
156,G0022,APT3,group,uses,S0111,schtasks,software,(Citation: FireEye Operation Double Tap)
394,G0013,APT30,group,uses,S0031,BACKSPACE,software,(Citation: FireEye APT30)
892,G0013,APT30,group,uses,S0036,FLASHFLOOD,software,(Citation: FireEye APT30)
880,G0013,APT30,group,uses,S0034,NETEAGLE,software,(Citation: FireEye APT30)
33,G0013,APT30,group,uses,S0028,SHIPSHAPE,software,(Citation: FireEye APT30)
1130,G0013,APT30,group,uses,S0035,SPACESHIP,software,(Citation: FireEye APT30)
984,G0050,APT32,group,uses,S0099,Arp,software,(Citation: Cybereason Cobalt Kitty 2017)
2356,G0050,APT32,group,uses,S0154,Cobalt Strike,software,(Citation: FireEye APT32 May 2017)(Citation: Volexity OceanLotus Nov 2017)(Citation: Cybereason Oceanlotus May 2017)(Citation: Cybereason Cobalt Kitty 2017)(Citation: Volexity Ocean Lotus November 2020)(Citation: Amnesty Intl. Ocean Lotus February 2021)(Citation: Unit 42 KerrDown February 2019)
382,G0050,APT32,group,uses,S0354,Denis,software,(Citation: Cybereason Oceanlotus May 2017)(Citation: Cybereason Cobalt Kitty 2017)
2170,G0050,APT32,group,uses,S0477,Goopy,software,(Citation: Cybereason Cobalt Kitty 2017)
134,G0050,APT32,group,uses,S0156,KOMPROGO,software,(Citation: FireEye APT32 May 2017)
3224,G0050,APT32,group,uses,S0585,Kerrdown,software,(Citation: Amnesty Intl. Ocean Lotus February 2021)(Citation: Unit 42 KerrDown February 2019)
657,G0050,APT32,group,uses,S0002,Mimikatz,software,(Citation: FireEye APT32 May 2017)(Citation: Cybereason Oceanlotus May 2017)(Citation: Cybereason Cobalt Kitty 2017)
951,G0050,APT32,group,uses,S0039,Net,software,(Citation: Cybereason Cobalt Kitty 2017)
1286,G0050,APT32,group,uses,S0352,OSX_OCEANLOTUS.D,software,(Citation: TrendMicro MacOS April 2018)(Citation: Amnesty Intl. Ocean Lotus February 2021)
687,G0050,APT32,group,uses,S0158,PHOREAL,software,(Citation: FireEye APT32 May 2017)
627,G0050,APT32,group,uses,S0157,SOUNDBITE,software,(Citation: FireEye APT32 May 2017)
242,G0050,APT32,group,uses,S0155,WINDSHIELD,software,(Citation: FireEye APT32 May 2017)
1268,G0050,APT32,group,uses,S0100,ipconfig,software,(Citation: Cybereason Cobalt Kitty 2017)
1301,G0050,APT32,group,uses,S0108,netsh,software,(Citation: Cybereason Cobalt Kitty 2017)
1347,G0064,APT33,group,uses,S0129,AutoIt backdoor,software,(Citation: Symantec Elfin Mar 2019)
1328,G0064,APT33,group,uses,S0363,Empire,software,(Citation: FireEye APT33 Guardrail)(Citation: Symantec Elfin Mar 2019)
1349,G0064,APT33,group,uses,S0095,FTP,software,(Citation: Symantec Elfin Mar 2019)
1356,G0064,APT33,group,uses,S0349,LaZagne,software,(Citation: Symantec Elfin Mar 2019)
1350,G0064,APT33,group,uses,S0002,Mimikatz,software,(Citation: Symantec Elfin Mar 2019)
317,G0064,APT33,group,uses,S0198,NETWIRE,software,(Citation: FireEye APT33 Sept 2017)(Citation: FireEye APT33 Webinar Sept 2017)
1280,G0064,APT33,group,uses,S0336,NanoCore,software,(Citation: FireEye APT33 Webinar Sept 2017)
1348,G0064,APT33,group,uses,S0039,Net,software,(Citation: Symantec Elfin Mar 2019)
1395,G0064,APT33,group,uses,S0371,POWERTON,software,(Citation: FireEye APT33 Guardrail)(Citation: Microsoft Holmium June 2020)
1413,G0064,APT33,group,uses,S0378,PoshC2,software,(Citation: FireEye APT33 Guardrail)(Citation: Symantec Elfin Mar 2019)
1394,G0064,APT33,group,uses,S0194,PowerSploit,software,(Citation: FireEye APT33 Guardrail)
1330,G0064,APT33,group,uses,S0192,Pupy,software,(Citation: FireEye APT33 Guardrail)
1302,G0064,APT33,group,uses,S0358,Ruler,software,(Citation: FireEye APT33 Guardrail)(Citation: Microsoft Holmium June 2020)
1480,G0064,APT33,group,uses,S0380,StoneDrill,software,(Citation: FireEye APT33 Sept 2017)
1202,G0064,APT33,group,uses,S0199,TURNEDUP,software,(Citation: FireEye APT33 Sept 2017)(Citation: FireEye APT33 Webinar Sept 2017)(Citation: Symantec Elfin Mar 2019)
3334,G0067,APT37,group,uses,S0657,BLUELIGHT,software,(Citation: Volexity InkySquid BLUELIGHT August 2021)
358,G0067,APT37,group,uses,S0212,CORALDECK,software,(Citation: FireEye APT37 Feb 2018)
3327,G0067,APT37,group,uses,S0154,Cobalt Strike,software,(Citation: Volexity InkySquid BLUELIGHT August 2021)
967,G0067,APT37,group,uses,S0213,DOGCALL,software,(Citation: FireEye APT37 Feb 2018)(Citation: Unit 42 Nokki Oct 2018)
462,G0067,APT37,group,uses,S0355,Final1stspy,software,(Citation: Unit 42 Nokki Oct 2018)
1178,G0067,APT37,group,uses,S0214,HAPPYWORK,software,(Citation: FireEye APT37 Feb 2018)
264,G0067,APT37,group,uses,S0215,KARAE,software,(Citation: FireEye APT37 Feb 2018)
343,G0067,APT37,group,uses,S0247,NavRAT,software,(Citation: Talos NavRAT May 2018)
277,G0067,APT37,group,uses,S0216,POORAIM,software,(Citation: FireEye APT37 Feb 2018)
56,G0067,APT37,group,uses,S0240,ROKRAT,software,(Citation: Talos Group123)(Citation: Securelist ScarCruft May 2019)
782,G0067,APT37,group,uses,S0217,SHUTTERSPEED,software,(Citation: FireEye APT37 Feb 2018)
625,G0067,APT37,group,uses,S0218,SLOWDRIFT,software,(Citation: FireEye APT37 Feb 2018)
629,G0067,APT37,group,uses,S0219,WINERACK,software,(Citation: FireEye APT37 Feb 2018)
1265,G0082,APT38,group,uses,S0334,DarkComet,software,(Citation: FireEye APT38 Oct 2018)
3258,G0082,APT38,group,uses,S0593,ECCENTRICBANDWAGON,software,(Citation: CISA AA20-239A BeagleBoyz August 2020)
3257,G0082,APT38,group,uses,S0376,HOPLIGHT,software,(Citation: CISA AA20-239A BeagleBoyz August 2020)
3336,G0082,APT38,group,uses,S0607,KillDisk,software,(Citation: ESET Lazarus KillDisk April 2018)
1136,G0082,APT38,group,uses,S0002,Mimikatz,software,(Citation: FireEye APT38 Oct 2018)
766,G0082,APT38,group,uses,S0039,Net,software,(Citation: FireEye APT38 Oct 2018)
1308,G0087,APT39,group,uses,S0073,ASPXSpy,software,(Citation: FireEye APT39 Jan 2019)
2016,G0087,APT39,group,uses,S0454,Cadelspy,software,(Citation: Symantec Chafer Dec 2015)
2210,G0087,APT39,group,uses,S0488,CrackMapExec,software,(Citation: FireEye APT39 Jan 2019)(Citation: BitDefender Chafer May 2020)
2517,G0087,APT39,group,uses,S0095,FTP,software,(Citation: FBI FLASH APT39 September 2020)
2073,G0087,APT39,group,uses,S0459,MechaFlounder,software,(Citation: Unit 42 MechaFlounder March 2019)
1306,G0087,APT39,group,uses,S0002,Mimikatz,software,(Citation: FireEye APT39 Jan 2019)(Citation: BitDefender Chafer May 2020)(Citation: Dark Reading APT39 JAN 2019)(Citation: Symantec Chafer February 2018)
2800,G0087,APT39,group,uses,S0590,NBTscan,software,(Citation: FireEye APT39 Jan 2019)
1305,G0087,APT39,group,uses,S0029,PsExec,software,(Citation: FireEye APT39 Jan 2019)(Citation: BitDefender Chafer May 2020)(Citation: Symantec Chafer February 2018)
1422,G0087,APT39,group,uses,S0375,Remexi,software,(Citation: Symantec Chafer Dec 2015)(Citation: Securelist Remexi Jan 2019)(Citation: Symantec Chafer February 2018)
1307,G0087,APT39,group,uses,S0005,Windows Credential Editor,software,(Citation: FireEye APT39 Jan 2019)(Citation: Dark Reading APT39 JAN 2019)
2014,G0087,APT39,group,uses,S0006,pwdump,software,(Citation: Symantec Chafer February 2018)
1638,G0096,APT41,group,uses,S0073,ASPXSpy,software,(Citation: FireEye APT41 Aug 2019)
1794,G0096,APT41,group,uses,S0190,BITSAdmin,software,(Citation: FireEye APT41 March 2020)
1628,G0096,APT41,group,uses,S0069,BLACKCOFFEE,software,(Citation: FireEye APT41 Aug 2019)
1629,G0096,APT41,group,uses,S0020,China Chopper,software,(Citation: FireEye APT41 Aug 2019)
2357,G0096,APT41,group,uses,S0154,Cobalt Strike,software,(Citation: FireEye APT41 March 2020)(Citation: Group IB APT 41 June 2021)
1637,G0096,APT41,group,uses,S0021,Derusbi,software,(Citation: FireEye APT41 Aug 2019)
2540,G0096,APT41,group,uses,S0363,Empire,software,(Citation: Crowdstrike GTR2020 Mar 2020)
1792,G0096,APT41,group,uses,S0095,FTP,software,(Citation: FireEye APT41 March 2020)
1886,G0096,APT41,group,uses,S0443,MESSAGETAP,software,(Citation: FireEye MESSAGETAP October 2019)(Citation: Crowdstrike GTR2020 Mar 2020)
1634,G0096,APT41,group,uses,S0002,Mimikatz,software,(Citation: FireEye APT41 Aug 2019)(Citation: Group IB APT 41 June 2021)
1799,G0096,APT41,group,uses,S0039,Net,software,(Citation: FireEye APT41 Aug 2019)
1646,G0096,APT41,group,uses,S0097,Ping,software,(Citation: FireEye APT41 Aug 2019)(Citation: Group IB APT 41 June 2021)
1639,G0096,APT41,group,uses,S0013,PlugX,software,(Citation: FireEye APT41 Aug 2019)
1630,G0096,APT41,group,uses,S0194,PowerSploit,software,(Citation: FireEye APT41 Aug 2019)
1636,G0096,APT41,group,uses,S0112,ROCKBOOT,software,(Citation: FireEye APT41 Aug 2019)
2834,G0096,APT41,group,uses,S0596,ShadowPad,software,(Citation: FireEye APT41 Aug 2019)(Citation: Recorded Future RedEcho Feb 2021)
2539,G0096,APT41,group,uses,S0430,Winnti for Linux,software,(Citation: Crowdstrike GTR2020 Mar 2020)
1652,G0096,APT41,group,uses,S0412,ZxShell,software,(Citation: FireEye APT41 Aug 2019)
1793,G0096,APT41,group,uses,S0160,certutil,software,(Citation: FireEye APT41 March 2020)
1632,G0096,APT41,group,uses,S0032,gh0st RAT,software,(Citation: FireEye APT41 Aug 2019)
3140,G0096,APT41,group,uses,S0100,ipconfig,software,(Citation: Group IB APT 41 June 2021)
1635,G0096,APT41,group,uses,S0104,netstat,software,(Citation: FireEye APT41 Aug 2019)
1631,G0096,APT41,group,uses,S0385,njRAT,software,(Citation: FireEye APT41 Aug 2019)
1633,G0096,APT41,group,uses,S0006,pwdump,software,(Citation: FireEye APT41 Aug 2019)
2937,G0130,Ajax Security Team,group,uses,S0224,Havij,software,(Citation: Check Point Rocket Kitten)
2936,G0130,Ajax Security Team,group,uses,S0225,sqlmap,software,(Citation: Check Point Rocket Kitten)
3246,G0138,Andariel,group,uses,S0433,Rifdoor,software,(Citation: AhnLab Andariel Subgroup of Lazarus June 2018)
3250,G0138,Andariel,group,uses,S0032,gh0st RAT,software,(Citation: AhnLab Andariel Subgroup of Lazarus June 2018)
901,G0001,Axiom,group,uses,S0021,Derusbi,software,(Citation: Novetta-Axiom)
439,G0001,Axiom,group,uses,S0009,Hikit,software,(Citation: Novetta-Axiom)
166,G0001,Axiom,group,uses,S0203,Hydraq,software,(Citation: Novetta-Axiom)
1653,G0001,Axiom,group,uses,S0412,ZxShell,software,(Citation: Talos ZxShell Oct 2014 )
2094,G0060,BRONZE BUTLER,group,uses,S0469,ABK,software,(Citation: Trend Micro Tick November 2019)
2128,G0060,BRONZE BUTLER,group,uses,S0473,Avenger,software,(Citation: Trend Micro Tick November 2019)
2104,G0060,BRONZE BUTLER,group,uses,S0470,BBK,software,(Citation: Trend Micro Tick November 2019)
152,G0060,BRONZE BUTLER,group,uses,S0187,Daserf,software,(Citation: Trend Micro Daserf Nov 2017)(Citation: Symantec Tick Apr 2016)
607,G0060,BRONZE BUTLER,group,uses,S0002,Mimikatz,software,(Citation: Secureworks BRONZE BUTLER Oct 2017)(Citation: Symantec Tick Apr 2016)(Citation: Trend Micro Tick November 2019)
968,G0060,BRONZE BUTLER,group,uses,S0039,Net,software,(Citation: Secureworks BRONZE BUTLER Oct 2017)
2836,G0060,BRONZE BUTLER,group,uses,S0596,ShadowPad,software,(Citation: Recorded Future RedEcho Feb 2021)
172,G0060,BRONZE BUTLER,group,uses,S0005,Windows Credential Editor,software,(Citation: Secureworks BRONZE BUTLER Oct 2017)(Citation: Symantec Tick Apr 2016)
934,G0060,BRONZE BUTLER,group,uses,S0110,at,software,(Citation: Secureworks BRONZE BUTLER Oct 2017)
2103,G0060,BRONZE BUTLER,group,uses,S0471,build_downer,software,(Citation: Trend Micro Tick November 2019)
39,G0060,BRONZE BUTLER,group,uses,S0106,cmd,software,(Citation: Secureworks BRONZE BUTLER Oct 2017)
2102,G0060,BRONZE BUTLER,group,uses,S0472,down_new,software,(Citation: Trend Micro Tick November 2019)
540,G0060,BRONZE BUTLER,group,uses,S0008,gsecdump,software,(Citation: Secureworks BRONZE BUTLER Oct 2017)(Citation: Symantec Tick Apr 2016)
1272,G0060,BRONZE BUTLER,group,uses,S0111,schtasks,software,(Citation: Secureworks BRONZE BUTLER Oct 2017)
3190,G0135,BackdoorDiplomacy,group,uses,S0020,China Chopper,software,(Citation: ESET BackdoorDiplomacy Jun 2021)
3189,G0135,BackdoorDiplomacy,group,uses,S0002,Mimikatz,software,(Citation: ESET BackdoorDiplomacy Jun 2021)
3191,G0135,BackdoorDiplomacy,group,uses,S0590,NBTscan,software,(Citation: ESET BackdoorDiplomacy Jun 2021)
3188,G0135,BackdoorDiplomacy,group,uses,S0262,QuasarRAT,software,(Citation: ESET BackdoorDiplomacy Jun 2021)
3206,G0135,BackdoorDiplomacy,group,uses,S0647,Turian,software,(Citation: ESET BackdoorDiplomacy Jun 2021)
1818,G0098,BlackTech,group,uses,S0437,Kivars,software,(Citation: TrendMicro BlackTech June 2017)
1817,G0098,BlackTech,group,uses,S0435,PLEAD,software,(Citation: TrendMicro BlackTech June 2017)(Citation: JPCert PLEAD Downloader June 2018)(Citation: Trend Micro Waterbear December 2019)
1816,G0098,BlackTech,group,uses,S0436,TSCookie,software,(Citation: JPCert TSCookie March 2018)
2727,G0098,BlackTech,group,uses,S0579,Waterbear,software,(Citation: Trend Micro Waterbear December 2019)
2070,G0108,Blue Mockingbird,group,uses,S0002,Mimikatz,software,(Citation: RedCanary Mockingbird May 2020)
348,G0008,Carbanak,group,uses,S0030,Carbanak,software,(Citation: Kaspersky Carbanak)
178,G0008,Carbanak,group,uses,S0002,Mimikatz,software,(Citation: Kaspersky Carbanak)
735,G0008,Carbanak,group,uses,S0029,PsExec,software,(Citation: Kaspersky Carbanak)
503,G0008,Carbanak,group,uses,S0108,netsh,software,(Citation: Group-IB Anunak)
2329,G0114,Chimera,group,uses,S0521,BloodHound,software,(Citation: Cycraft Chimera April 2020)
2359,G0114,Chimera,group,uses,S0154,Cobalt Strike,software,(Citation: Cycraft Chimera April 2020)(Citation: NCC Group Chimera January 2021)
2268,G0114,Chimera,group,uses,S0002,Mimikatz,software,(Citation: Cycraft Chimera April 2020)(Citation: NCC Group Chimera January 2021)
2619,G0114,Chimera,group,uses,S0039,Net,software,(Citation: NCC Group Chimera January 2021)
2624,G0114,Chimera,group,uses,S0029,PsExec,software,(Citation: NCC Group Chimera January 2021)
2621,G0114,Chimera,group,uses,S0404,esentutl,software,(Citation: NCC Group Chimera January 2021)
64,G0003,Cleaver,group,uses,S0002,Mimikatz,software,(Citation: Cylance Cleaver)
785,G0003,Cleaver,group,uses,S0056,Net Crawler,software,(Citation: Cylance Cleaver)
1086,G0003,Cleaver,group,uses,S0029,PsExec,software,(Citation: Cylance Cleaver)
395,G0003,Cleaver,group,uses,S0004,TinyZBot,software,(Citation: Cylance Cleaver)
2360,G0080,Cobalt Group,group,uses,S0154,Cobalt Strike,software,(Citation: Talos Cobalt Group July 2018)(Citation: PTSecurity Cobalt Group Aug 2017)(Citation: Group IB Cobalt Aug 2017)(Citation: Proofpoint Cobalt June 2017) (Citation: RiskIQ Cobalt Nov 2017)(Citation: RiskIQ Cobalt Jan 2018)(Citation: Crowdstrike Global Threat Report Feb 2018)(Citation: TrendMicro Cobalt Group Nov 2017)
1088,G0080,Cobalt Group,group,uses,S0002,Mimikatz,software,(Citation: PTSecurity Cobalt Group Aug 2017)(Citation: PTSecurity Cobalt Dec 2016)(Citation: Group IB Cobalt Aug 2017)
353,G0080,Cobalt Group,group,uses,S0284,More_eggs,software,(Citation: Talos Cobalt Group July 2018)(Citation: Crowdstrike GTR2020 Mar 2020)
480,G0080,Cobalt Group,group,uses,S0029,PsExec,software,(Citation: PTSecurity Cobalt Group Aug 2017)(Citation: Group IB Cobalt Aug 2017)
538,G0080,Cobalt Group,group,uses,S0195,SDelete,software,(Citation: PTSecurity Cobalt Dec 2016)
3401,G0080,Cobalt Group,group,uses,S0646,SpicyOmelette,software,(Citation: Secureworks GOLD KINGSWOOD September 2018)
2354,G0052,CopyKittens,group,uses,S0154,Cobalt Strike,software,(Citation: ClearSky Wilted Tulip July 2017)
1325,G0052,CopyKittens,group,uses,S0363,Empire,software,(Citation: ClearSky Wilted Tulip July 2017)
2757,G0052,CopyKittens,group,uses,S0167,Matryoshka,software,(Citation: ClearSky Wilted Tulip July 2017)
1074,G0052,CopyKittens,group,uses,S0164,TDTESS,software,(Citation: ClearSky Wilted Tulip July 2017)
3059,G0132,CostaRicto,group,uses,S0614,CostaBricks,software,(Citation: BlackBerry CostaRicto November 2020)
3050,G0132,CostaRicto,group,uses,S0613,PS1,software,(Citation: BlackBerry CostaRicto November 2020)
3046,G0132,CostaRicto,group,uses,S0194,PowerSploit,software,(Citation: BlackBerry CostaRicto November 2020)
3049,G0132,CostaRicto,group,uses,S0029,PsExec,software,(Citation: BlackBerry CostaRicto November 2020)
3068,G0132,CostaRicto,group,uses,S0615,SombRAT,software,(Citation: BlackBerry CostaRicto November 2020)
3048,G0132,CostaRicto,group,uses,S0183,Tor,software,(Citation: BlackBerry CostaRicto November 2020)
318,G0070,Dark Caracal,group,uses,S0234,Bandook,software,(Citation: Lookout Dark Caracal Jan 2018)(Citation: CheckPoint Bandook Nov 2020) 
753,G0070,Dark Caracal,group,uses,S0235,CrossRAT,software,(Citation: Lookout Dark Caracal Jan 2018)
189,G0070,Dark Caracal,group,uses,S0182,FinFisher,software,(Citation: Lookout Dark Caracal Jan 2018)
2351,G0079,DarkHydrus,group,uses,S0154,Cobalt Strike,software,(Citation: Unit 42 DarkHydrus July 2018)(Citation: Unit 42 Playbook Dec 2017)
700,G0079,DarkHydrus,group,uses,S0002,Mimikatz,software,(Citation: Unit 42 DarkHydrus July 2018)(Citation: Unit 42 Playbook Dec 2017)
1055,G0079,DarkHydrus,group,uses,S0270,RogueRobin,software,(Citation: Unit 42 DarkHydrus July 2018)(Citation: Unit42 DarkHydrus Jan 2019)
1942,G0105,DarkVishnya,group,uses,S0029,PsExec,software,(Citation: Securelist DarkVishnya Dec 2018) 
1944,G0105,DarkVishnya,group,uses,S0191,Winexe,software,(Citation: Securelist DarkVishnya Dec 2018) 
799,G0009,Deep Panda,group,uses,S0021,Derusbi,software,(Citation: ThreatConnect Anthem)
751,G0009,Deep Panda,group,uses,S0080,Mivast,software,(Citation: Symantec Black Vine)
453,G0009,Deep Panda,group,uses,S0039,Net,software,(Citation: Alperovitch 2014)
50,G0009,Deep Panda,group,uses,S0097,Ping,software,(Citation: Alperovitch 2014)
208,G0009,Deep Panda,group,uses,S0074,Sakula,software,(Citation: ThreatConnect Anthem)
577,G0009,Deep Panda,group,uses,S0142,StreamEx,software,(Citation: Cylance Shell Crew Feb 2017)
248,G0009,Deep Panda,group,uses,S0057,Tasklist,software,(Citation: Alperovitch 2014)
931,G0017,DragonOK,group,uses,S0013,PlugX,software,(Citation: New DragonOK)
234,G0017,DragonOK,group,uses,S0012,PoisonIvy,software,(Citation: Operation Quantum Entanglement)
620,G0035,Dragonfly,group,uses,S0093,Backdoor.Oldrea,software,(Citation: Symantec Dragonfly)
3376,G0035,Dragonfly,group,uses,S0488,CrackMapExec,software,(Citation: Secureworks IRON LIBERTY July 2019)
2229,G0035,Dragonfly,group,uses,S0002,Mimikatz,software,(Citation: Secureworks IRON LIBERTY July 2019)
2228,G0035,Dragonfly,group,uses,S0029,PsExec,software,(Citation: Secureworks IRON LIBERTY July 2019)
437,G0035,Dragonfly,group,uses,S0094,Trojan.Karagany,software,(Citation: Symantec Dragonfly)(Citation: Secureworks Karagany July 2019)
2222,G0074,Dragonfly 2.0,group,uses,S0488,CrackMapExec,software,(Citation: US-CERT TA18-074A)
432,G0074,Dragonfly 2.0,group,uses,S0357,Impacket,software,(Citation: US-CERT TA18-074A)(Citation: US-CERT APT Energy Oct 2017)(Citation: Core Security Impacket)
2234,G0074,Dragonfly 2.0,group,uses,S0500,MCMD,software,(Citation: Secureworks MCMD July 2019)
1165,G0074,Dragonfly 2.0,group,uses,S0039,Net,software,(Citation: US-CERT TA18-074A)
526,G0074,Dragonfly 2.0,group,uses,S0029,PsExec,software,(Citation: US-CERT TA18-074A)(Citation: Symantec Dragonfly Sept 2017)
1292,G0074,Dragonfly 2.0,group,uses,S0075,Reg,software,(Citation: US-CERT TA18-074A)
2233,G0074,Dragonfly 2.0,group,uses,S0094,Trojan.Karagany,software,(Citation: Symantec Dragonfly Sept 2017)(Citation: Secureworks Karagany July 2019)
926,G0074,Dragonfly 2.0,group,uses,S0108,netsh,software,(Citation: US-CERT TA18-074A)
1131,G0031,Dust Storm,group,uses,S0084,Mis-Type,software,(Citation: Cylance Dust Storm)
573,G0031,Dust Storm,group,uses,S0083,Misdat,software,(Citation: Cylance Dust Storm)
110,G0031,Dust Storm,group,uses,S0085,S-Type,software,(Citation: Cylance Dust Storm)
750,G0031,Dust Storm,group,uses,S0086,ZLib,software,(Citation: Cylance Dust Storm)
204,G0066,Elderwood,group,uses,S0204,Briba,software,(Citation: Symantec Elderwood Sept 2012)
466,G0066,Elderwood,group,uses,S0203,Hydraq,software,(Citation: Symantec Elderwood Sept 2012)
176,G0066,Elderwood,group,uses,S0211,Linfo,software,(Citation: Symantec Elderwood Sept 2012)
228,G0066,Elderwood,group,uses,S0205,Naid,software,(Citation: Symantec Elderwood Sept 2012)
635,G0066,Elderwood,group,uses,S0210,Nerex,software,(Citation: Symantec Elderwood Sept 2012)
843,G0066,Elderwood,group,uses,S0208,Pasam,software,(Citation: Symantec Elderwood Sept 2012)
809,G0066,Elderwood,group,uses,S0012,PoisonIvy,software,(Citation: Symantec Elderwood Sept 2012)
834,G0066,Elderwood,group,uses,S0207,Vasport,software,(Citation: Symantec Elderwood Sept 2012)
795,G0066,Elderwood,group,uses,S0206,Wiarp,software,(Citation: Symantec Elderwood Sept 2012)
2705,G0120,Evilnum,group,uses,S0568,EVILNUM,software,(Citation: Prevailion EvilNum May 2020)
2663,G0120,Evilnum,group,uses,S0349,LaZagne,software,(Citation: ESET EvilNum July 2020)
2664,G0120,Evilnum,group,uses,S0284,More_eggs,software,(Citation: ESET EvilNum July 2020)
1326,G0051,FIN10,group,uses,S0363,Empire,software,(Citation: FireEye FIN10 June 2017)
1113,G0053,FIN5,group,uses,S0173,FLIPSIDE,software,(Citation: Mandiant FIN5 GrrCON Oct 2016)
116,G0053,FIN5,group,uses,S0029,PsExec,software,[FIN5](https://attack.mitre.org/groups/G0053) uses a customized version of PsExec.(Citation: Mandiant FIN5 GrrCON Oct 2016)
271,G0053,FIN5,group,uses,S0169,RawPOS,software,(Citation: DarkReading FireEye FIN5 Oct 2015)(Citation: Mandiant FIN5 GrrCON Oct 2016)
527,G0053,FIN5,group,uses,S0195,SDelete,software,(Citation: Mandiant FIN5 GrrCON Oct 2016)
477,G0053,FIN5,group,uses,S0005,Windows Credential Editor,software,(Citation: DarkReading FireEye FIN5 Oct 2015)(Citation: Mandiant FIN5 GrrCON Oct 2016)
171,G0053,FIN5,group,uses,S0006,pwdump,software,(Citation: Mandiant FIN5 GrrCON Oct 2016)
2556,G0037,FIN6,group,uses,S0552,AdFind,software,(Citation: FireEye FIN6 Apr 2019)
2353,G0037,FIN6,group,uses,S0154,Cobalt Strike,software,(Citation: FireEye FIN6 Apr 2019)
2300,G0037,FIN6,group,uses,S0381,FlawedAmmyy,software,(Citation: Visa FIN6 Feb 2019)
2256,G0037,FIN6,group,uses,S0503,FrameworkPOS,software,(Citation: SentinelOne FrameworkPOS September 2019)(Citation: Crowdstrike Global Threat Report Feb 2018)(Citation: Visa FIN6 Feb 2019)
3088,G0037,FIN6,group,uses,S0632,GrimAgent,software,(Citation: Group IB GrimAgent July 2021)
1396,G0037,FIN6,group,uses,S0372,LockerGoga,software,(Citation: FireEye FIN6 Apr 2019)
2258,G0037,FIN6,group,uses,S0449,Maze,software,(Citation: FireEye Maze May 2020)
1594,G0037,FIN6,group,uses,S0002,Mimikatz,software,(Citation: Security Intelligence More Eggs Aug 2019)
1595,G0037,FIN6,group,uses,S0284,More_eggs,software,(Citation: Security Intelligence More Eggs Aug 2019)(Citation: Visa FIN6 Feb 2019)
211,G0037,FIN6,group,uses,S0029,PsExec,software,(Citation: FireEye FIN6 April 2016)(Citation: FireEye FIN6 Apr 2019)
1932,G0037,FIN6,group,uses,S0446,Ryuk,software,(Citation: FireEye FIN6 Apr 2019)
406,G0037,FIN6,group,uses,S0005,Windows Credential Editor,software,(Citation: FireEye FIN6 April 2016)
3400,G0046,FIN7,group,uses,S0552,AdFind,software,(Citation: CrowdStrike Carbon Spider August 2021)
1671,G0046,FIN7,group,uses,S0415,BOOSTWRITE,software,(Citation: FireEye FIN7 Oct 2019)
937,G0046,FIN7,group,uses,S0030,Carbanak,software,(Citation: FireEye FIN7 March 2017)(Citation: FireEye FIN7 Aug 2018)(Citation: DOJ FIN7 Aug 2018)(Citation: IBM Ransomware Trends September 2020)(Citation: CrowdStrike Carbon Spider August 2021)
3213,G0046,FIN7,group,uses,S0154,Cobalt Strike,software,(Citation: CrowdStrike Carbon Spider August 2021)
3216,G0046,FIN7,group,uses,S0488,CrackMapExec,software,"
(Citation: CrowdStrike Carbon Spider August 2021)"
1672,G0046,FIN7,group,uses,S0417,GRIFFON,software,(Citation: SecureList Griffon May 2019)(Citation: CrowdStrike Carbon Spider August 2021)
1077,G0046,FIN7,group,uses,S0151,HALFBAKED,software,(Citation: FireEye FIN7 April 2017)(Citation: FireEye FIN7 Aug 2018)
3211,G0046,FIN7,group,uses,S0648,JSS Loader,software,(Citation: CrowdStrike Carbon Spider August 2021)
3217,G0046,FIN7,group,uses,S0002,Mimikatz,software,(Citation: CrowdStrike Carbon Spider August 2021)
823,G0046,FIN7,group,uses,S0145,POWERSOURCE,software,(Citation: FireEye FIN7 March 2017)
2295,G0046,FIN7,group,uses,S0517,Pillowmint,software,(Citation: Trustwave Pillowmint June 2020)(Citation: CrowdStrike Carbon Spider August 2021)
3221,G0046,FIN7,group,uses,S0194,PowerSploit,software,(Citation: CrowdStrike Carbon Spider August 2021)
1670,G0046,FIN7,group,uses,S0416,RDFSNIFFER,software,(Citation: FireEye FIN7 Oct 2019)
3205,G0046,FIN7,group,uses,S0496,REvil,software,(Citation: IBM Ransomware Trends September 2020)(Citation: CrowdStrike Carbon Spider August 2021)
1489,G0046,FIN7,group,uses,S0390,SQLRat,software,(Citation: Flashpoint FIN 7 March 2019)
1208,G0046,FIN7,group,uses,S0146,TEXTMATE,software,(Citation: FireEye FIN7 March 2017)
3165,G0061,FIN8,group,uses,S0357,Impacket,software,(Citation: Bitdefender FIN8 July 2021)
1254,G0061,FIN8,group,uses,S0039,Net,software,(Citation: FireEye Know Your Enemy FIN8 Aug 2016)
3341,G0061,FIN8,group,uses,S0359,Nltest,software,(Citation: Bitdefender FIN8 July 2021)
1199,G0061,FIN8,group,uses,S0196,PUNCHBUGGY,software,(Citation: FireEye Fin8 May 2016)
902,G0061,FIN8,group,uses,S0197,PUNCHTRACK,software,(Citation: FireEye Fin8 May 2016)
695,G0061,FIN8,group,uses,S0105,dsquery,software,(Citation: FireEye Know Your Enemy FIN8 Aug 2016)
3230,G0137,Ferocious Kitten,group,uses,S0190,BITSAdmin,software,(Citation: Kaspersky Ferocious Kitten Jun 2021)
3236,G0137,Ferocious Kitten,group,uses,S0652,MarkiRAT,software,(Citation: Kaspersky Ferocious Kitten Jun 2021)
2551,G0117,Fox Kitten,group,uses,S0020,China Chopper,software,(Citation: CISA AA20-259A Iran-Based Actor September 2020)
2546,G0117,Fox Kitten,group,uses,S0508,Ngrok,software,(Citation: CrowdStrike PIONEER KITTEN August 2020)
3014,G0117,Fox Kitten,group,uses,S0556,Pay2Key,software,(Citation: ClearkSky Fox Kitten February 2020)(Citation: Check Point Pay2Key November 2020)
2574,G0117,Fox Kitten,group,uses,S0029,PsExec,software,(Citation: CISA AA20-259A Iran-Based Actor September 2020)(Citation: Check Point Pay2Key November 2020)
1854,G0101,Frankenstein,group,uses,S0363,Empire,software,(Citation: Talos Frankenstein June 2019) 
2602,G0093,GALLIUM,group,uses,S0564,BlackMould,software,(Citation: Microsoft GALLIUM December 2019)
1537,G0093,GALLIUM,group,uses,S0020,China Chopper,software,(Citation: Cybereason Soft Cell June 2019)(Citation: Microsoft GALLIUM December 2019)
1542,G0093,GALLIUM,group,uses,S0040,HTRAN,software,(Citation: Cybereason Soft Cell June 2019)(Citation: Microsoft GALLIUM December 2019)
1536,G0093,GALLIUM,group,uses,S0002,Mimikatz,software,(Citation: Cybereason Soft Cell June 2019)(Citation: Microsoft GALLIUM December 2019)
2799,G0093,GALLIUM,group,uses,S0590,NBTscan,software,(Citation: Cybereason Soft Cell June 2019)
1550,G0093,GALLIUM,group,uses,S0039,Net,software,(Citation: Cybereason Soft Cell June 2019)
1541,G0093,GALLIUM,group,uses,S0097,Ping,software,(Citation: Cybereason Soft Cell June 2019)
1549,G0093,GALLIUM,group,uses,S0013,PlugX,software,(Citation: Cybereason Soft Cell June 2019)
1533,G0093,GALLIUM,group,uses,S0012,PoisonIvy,software,(Citation: Cybereason Soft Cell June 2019)(Citation: Microsoft GALLIUM December 2019)
1535,G0093,GALLIUM,group,uses,S0029,PsExec,software,(Citation: Cybereason Soft Cell June 2019)(Citation: Microsoft GALLIUM December 2019)
1534,G0093,GALLIUM,group,uses,S0075,Reg,software,(Citation: Cybereason Soft Cell June 2019)
2601,G0093,GALLIUM,group,uses,S0005,Windows Credential Editor,software,(Citation: Microsoft GALLIUM December 2019)
1543,G0093,GALLIUM,group,uses,S0110,at,software,(Citation: Cybereason Soft Cell June 2019)
1554,G0093,GALLIUM,group,uses,S0106,cmd,software,(Citation: Cybereason Soft Cell June 2019)(Citation: Microsoft GALLIUM December 2019)
1551,G0093,GALLIUM,group,uses,S0100,ipconfig,software,(Citation: Cybereason Soft Cell June 2019)
2809,G0115,GOLD SOUTHFIELD,group,uses,S0591,ConnectWise,software,(Citation: Anomali Static Kitten February 2021)(Citation: Tetra Defense Sodinokibi March 2020)
2269,G0115,GOLD SOUTHFIELD,group,uses,S0496,REvil,software,(Citation: Secureworks REvil September 2019)(Citation: Secureworks GandCrab and REvil September 2019)
1075,G0047,Gamaredon Group,group,uses,S0147,Pteranodon,software,(Citation: Palo Alto Gamaredon Feb 2017)
1029,G0078,Gorgon Group,group,uses,S0336,NanoCore,software,(Citation: Unit 42 Gorgon Group Aug 2018)
826,G0078,Gorgon Group,group,uses,S0262,QuasarRAT,software,(Citation: Unit 42 Gorgon Group Aug 2018)
990,G0078,Gorgon Group,group,uses,S0332,Remcos,software,(Citation: Unit 42 Gorgon Group Aug 2018)
1472,G0078,Gorgon Group,group,uses,S0385,njRAT,software,(Citation: Unit 42 Gorgon Group Aug 2018)
1479,G0043,Group5,group,uses,S0336,NanoCore,software,(Citation: Citizen Lab Group5)
1473,G0043,Group5,group,uses,S0385,njRAT,software,(Citation: Citizen Lab Group5)
2753,G0125,HAFNIUM,group,uses,S0073,ASPXSpy,software,(Citation: Volexity Exchange Marauder March 2021)
2752,G0125,HAFNIUM,group,uses,S0020,China Chopper,software,(Citation: Volexity Exchange Marauder March 2021)(Citation: FireEye Exchange Zero Days March 2021)
2754,G0125,HAFNIUM,group,uses,S0029,PsExec,software,(Citation: Volexity Exchange Marauder March 2021)
2778,G0126,Higaisa,group,uses,S0013,PlugX,software,(Citation: Malwarebytes Higaisa 2020)
2865,G0126,Higaisa,group,uses,S0160,certutil,software,(Citation: Malwarebytes Higaisa 2020)(Citation: PTSecurity Higaisa 2020)
2781,G0126,Higaisa,group,uses,S0032,gh0st RAT,software,(Citation: Malwarebytes Higaisa 2020)
364,G0072,Honeybee,group,uses,S0075,Reg,software,(Citation: McAfee Honeybee)
482,G0072,Honeybee,group,uses,S0096,Systeminfo,software,(Citation: McAfee Honeybee)
651,G0072,Honeybee,group,uses,S0057,Tasklist,software,(Citation: McAfee Honeybee)
122,G0072,Honeybee,group,uses,S0106,cmd,software,(Citation: McAfee Honeybee)
1832,G0100,Inception,group,uses,S0349,LaZagne,software,(Citation: Kaspersky Cloud Atlas August 2019)
1851,G0100,Inception,group,uses,S0441,PowerShower,software,(Citation: Unit 42 Inception November 2018)
1852,G0100,Inception,group,uses,S0442,VBShower,software,(Citation: Kaspersky Cloud Atlas August 2019)
3229,G0136,IndigoZebra,group,uses,S0651,BoxCaon,software,(Citation: Checkpoint IndigoZebra July 2021)
3228,G0136,IndigoZebra,group,uses,S0012,PoisonIvy,software,(Citation: Securelist APT Trends Q2 2017)
3237,G0136,IndigoZebra,group,uses,S0653,xCaon,software,(Citation: Checkpoint IndigoZebra July 2021)
2760,G0119,Indrik Spider,group,uses,S0570,BitPaymer,software,(Citation: Crowdstrike Indrik November 2018)(Citation: Crowdstrike EvilCorp March 2021)
3181,G0119,Indrik Spider,group,uses,S0154,Cobalt Strike,software,(Citation: Crowdstrike EvilCorp March 2021)
2592,G0119,Indrik Spider,group,uses,S0384,Dridex,software,(Citation: Crowdstrike Indrik November 2018)(Citation: Crowdstrike EvilCorp March 2021)(Citation: Treasury EvilCorp Dec 2019)
2687,G0119,Indrik Spider,group,uses,S0363,Empire,software,(Citation: Crowdstrike Indrik November 2018)
2688,G0119,Indrik Spider,group,uses,S0002,Mimikatz,software,(Citation: Crowdstrike Indrik November 2018)
3390,G0119,Indrik Spider,group,uses,S0029,PsExec,software,(Citation: Symantec WastedLocker June 2020)
3172,G0119,Indrik Spider,group,uses,S0612,WastedLocker,software,(Citation: NCC Group WastedLocker June 2020)(Citation: Crowdstrike EvilCorp March 2021)
702,G0004,Ke3chang,group,uses,S0002,Mimikatz,software,(Citation: NCC Group APT15 Alive and Strong)
225,G0004,Ke3chang,group,uses,S0280,MirageFox,software,(Citation: APT15 Intezer June 2018)
1222,G0004,Ke3chang,group,uses,S0039,Net,software,(Citation: Mandiant Operation Ke3chang November 2014)(Citation: NCC Group APT15 Alive and Strong)
1821,G0004,Ke3chang,group,uses,S0439,Okrum,software,(Citation: ESET Okrum July 2019)
1058,G0004,Ke3chang,group,uses,S0097,Ping,software,(Citation: NCC Group APT15 Alive and Strong)
106,G0004,Ke3chang,group,uses,S0096,Systeminfo,software,(Citation: Mandiant Operation Ke3chang November 2014)(Citation: NCC Group APT15 Alive and Strong)
183,G0004,Ke3chang,group,uses,S0057,Tasklist,software,(Citation: NCC Group APT15 Alive and Strong)
567,G0004,Ke3chang,group,uses,S0100,ipconfig,software,(Citation: Mandiant Operation Ke3chang November 2014)(Citation: NCC Group APT15 Alive and Strong)
513,G0004,Ke3chang,group,uses,S0104,netstat,software,(Citation: Mandiant Operation Ke3chang November 2014)(Citation: NCC Group APT15 Alive and Strong)
637,G0004,Ke3chang,group,uses,S0227,spwebmember,software,(Citation: NCC Group APT15 Alive and Strong)
3070,G0094,Kimsuky,group,uses,S0622,AppleSeed,software,(Citation: Malwarebytes Kimsuky June 2021)
2340,G0094,Kimsuky,group,uses,S0414,BabyShark,software,(Citation: CISA AA20-301A Kimsuky)(Citation: Cybereason Kimsuky November 2020)(Citation: Crowdstrike GTR2020 Mar 2020)
3015,G0094,Kimsuky,group,uses,S0527,CSPY Downloader,software,(Citation: Cybereason Kimsuky November 2020)
2362,G0094,Kimsuky,group,uses,S0526,KGH_SPY,software,(Citation: Cybereason Kimsuky November 2020)
3242,G0094,Kimsuky,group,uses,S0002,Mimikatz,software,(Citation: Netscout Stolen Pencil Dec 2018)
2534,G0094,Kimsuky,group,uses,S0353,NOKKI,software,(Citation: Crowdstrike GTR2020 Mar 2020)
3393,G0094,Kimsuky,group,uses,S0029,PsExec,software,(Citation: Netscout Stolen Pencil Dec 2018)
2363,G0094,Kimsuky,group,uses,S0111,schtasks,software,(Citation: Cybereason Kimsuky November 2020)
2734,G0032,Lazarus Group,group,uses,S0584,AppleJeus,software,(Citation: CISA AppleJeus Feb 2021)
1144,G0032,Lazarus Group,group,uses,S0347,AuditCred,software,(Citation: TrendMicro Lazarus Nov 2018)
757,G0032,Lazarus Group,group,uses,S0245,BADCALL,software,(Citation: US-CERT BADCALL)
2328,G0032,Lazarus Group,group,uses,S0520,BLINDINGCAN,software,(Citation: US-CERT BLINDINGCAN Aug 2020)
832,G0032,Lazarus Group,group,uses,S0239,Bankshot,software,(Citation: McAfee Bankshot)
2226,G0032,Lazarus Group,group,uses,S0498,Cryptoistic,software,(Citation: SentinelOne Lazarus macOS July 2020)
2225,G0032,Lazarus Group,group,uses,S0497,Dacls,software,(Citation: SentinelOne Lazarus macOS July 2020)(Citation: TrendMicro macOS Dacls May 2020)
2797,G0032,Lazarus Group,group,uses,S0567,Dtrack,software,(Citation: Kaspersky Dtrack)
2812,G0032,Lazarus Group,group,uses,S0593,ECCENTRICBANDWAGON,software,(Citation: CISA EB Aug 2020)
1159,G0032,Lazarus Group,group,uses,S0181,FALLCHILL,software,(Citation: US-CERT FALLCHILL Nov 2017)
896,G0032,Lazarus Group,group,uses,S0246,HARDRAIN,software,(Citation: US-CERT HARDRAIN March 2018)
1409,G0032,Lazarus Group,group,uses,S0376,HOPLIGHT,software,(Citation: US-CERT HOPLIGHT Apr 2019)
1819,G0032,Lazarus Group,group,uses,S0431,HotCroissant,software,(Citation: US-CERT HOTCROISSANT February 2020)
357,G0032,Lazarus Group,group,uses,S0271,KEYMARBLE,software,(Citation: US-CERT KEYMARBLE Aug 2018)
27,G0032,Lazarus Group,group,uses,S0238,Proxysvc,software,(Citation: McAfee GhostSecret)
759,G0032,Lazarus Group,group,uses,S0241,RATANKBA,software,(Citation: Lazarus RATANKBA)
1372,G0032,Lazarus Group,group,uses,S0364,RawDisk,software,(Citation: Novetta Blockbuster)(Citation: Novetta Blockbuster Destructive Malware)
2783,G0032,Lazarus Group,group,uses,S0586,TAINTEDSCRIBE,software,(Citation: CISA MAR-10288834-2.v1  TAINTEDSCRIBE MAY 2020)
1051,G0032,Lazarus Group,group,uses,S0263,TYPEFRAME,software,(Citation: US-CERT TYPEFRAME June 2018)
529,G0032,Lazarus Group,group,uses,S0180,Volgmer,software,(Citation: US-CERT Volgmer Nov 2017)
1371,G0032,Lazarus Group,group,uses,S0366,WannaCry,software,(Citation: FireEye APT38 Oct 2018)(Citation: LogRhythm WannaCry)(Citation: FireEye WannaCry 2017)(Citation: SecureWorks WannaCry Analysis)
656,G0032,Lazarus Group,group,uses,S0108,netsh,software,(Citation: Novetta Blockbuster Loaders)
1010,G0077,Leafminer,group,uses,S0349,LaZagne,software,(Citation: Symantec Leafminer July 2018)
1661,G0077,Leafminer,group,uses,S0413,MailSniper,software,(Citation: Symantec Leafminer July 2018)
541,G0077,Leafminer,group,uses,S0002,Mimikatz,software,(Citation: Symantec Leafminer July 2018)
346,G0077,Leafminer,group,uses,S0029,PsExec,software,(Citation: Symantec Leafminer July 2018)
3147,G0065,Leviathan,group,uses,S0642,BADFLICK,software,(Citation: FireEye Periscope March 2018)(Citation: Accenture MUDCARP March 2019)
121,G0065,Leviathan,group,uses,S0190,BITSAdmin,software,(Citation: FireEye Periscope March 2018)
972,G0065,Leviathan,group,uses,S0069,BLACKCOFFEE,software,(Citation: FireEye Periscope March 2018)
661,G0065,Leviathan,group,uses,S0020,China Chopper,software,(Citation: FireEye Periscope March 2018)(Citation: CISA AA21-200A APT40 July 2021)(Citation: Accenture MUDCARP March 2019)
2355,G0065,Leviathan,group,uses,S0154,Cobalt Strike,software,(Citation: Proofpoint Leviathan Oct 2017)(Citation: FireEye Periscope March 2018)(Citation: CISA AA21-200A APT40 July 2021)
24,G0065,Leviathan,group,uses,S0021,Derusbi,software,(Citation: FireEye Periscope March 2018)(Citation: CISA AA21-200A APT40 July 2021)
3131,G0065,Leviathan,group,uses,S0363,Empire,software,(Citation: CISA AA21-200A APT40 July 2021)
185,G0065,Leviathan,group,uses,S0232,HOMEFRY,software,(Citation: FireEye Periscope March 2018)
307,G0065,Leviathan,group,uses,S0233,MURKYTOP,software,(Citation: FireEye Periscope March 2018)(Citation: CISA AA21-200A APT40 July 2021)
276,G0065,Leviathan,group,uses,S0228,NanHaiShu,software,(Citation: Proofpoint Leviathan Oct 2017)(Citation: CISA AA21-200A APT40 July 2021)
1336,G0065,Leviathan,group,uses,S0039,Net,software,(Citation: FireEye APT40 March 2019)
885,G0065,Leviathan,group,uses,S0229,Orz,software,(Citation: Proofpoint Leviathan Oct 2017)(Citation: CISA AA21-200A APT40 July 2021)(Citation: Accenture MUDCARP March 2019)
3143,G0065,Leviathan,group,uses,S0194,PowerSploit,software,(Citation: CISA AA21-200A APT40 July 2021)
3132,G0065,Leviathan,group,uses,S0183,Tor,software,(Citation: CISA AA21-200A APT40 July 2021)
1335,G0065,Leviathan,group,uses,S0005,Windows Credential Editor,software,(Citation: FireEye APT40 March 2019)
1337,G0065,Leviathan,group,uses,S0110,at,software,(Citation: FireEye APT40 March 2019)
3133,G0065,Leviathan,group,uses,S0032,gh0st RAT,software,(Citation: CISA AA21-200A APT40 July 2021)
761,G0030,Lotus Blossom,group,uses,S0081,Elise,software,(Citation: Spring Dragon Jun 2015)(Citation: Accenture Dragonfish Jan 2018)
1161,G0030,Lotus Blossom,group,uses,S0082,Emissary,software,(Citation: Lotus Blossom Dec 2015)(Citation: Emissary Trojan Feb 2016)
1590,G0095,Machete,group,uses,S0409,Machete,software,(Citation: Securelist Machete Aug 2014)(Citation: ESET Machete July 2019)
2071,G0059,Magic Hound,group,uses,S0186,DownPaper,software,(Citation: ClearSky Charming Kitten Dec 2017)
147,G0059,Magic Hound,group,uses,S0002,Mimikatz,software,(Citation: FireEye APT35 2018)
240,G0059,Magic Hound,group,uses,S0029,PsExec,software,(Citation: FireEye APT35 2018)
1021,G0059,Magic Hound,group,uses,S0192,Pupy,software,(Citation: Unit 42 Magic Hound Feb 2017)(Citation: FireEye APT35 2018)(Citation: Secureworks Cobalt Gypsy Feb 2017)
591,G0002,Moafee,group,uses,S0012,PoisonIvy,software,(Citation: Haq 2014)
1898,G0103,Mofang,group,uses,S0444,ShimRat,software,
1897,G0103,Mofang,group,uses,S0445,ShimRatReporter,software,
2542,G0021,Molerats,group,uses,S0547,DropBook,software,(Citation: Cybereason Molerats Dec 2020)
764,G0021,Molerats,group,uses,S0062,DustySky,software,(Citation: DustySky)(Citation: DustySky2)(Citation: Kaspersky MoleRATs April 2019)
2559,G0021,Molerats,group,uses,S0553,MoleNet,software,(Citation: Cybereason Molerats Dec 2020) 
1132,G0021,Molerats,group,uses,S0012,PoisonIvy,software,(Citation: DustySky)(Citation: DustySky2)(Citation: FireEye Operation Molerats)
2543,G0021,Molerats,group,uses,S0546,SharpStage,software,(Citation: Cybereason Molerats Dec 2020)
2521,G0021,Molerats,group,uses,S0543,Spark,software,(Citation: Unit42 Molerat Mar 2020) (Citation: Cybereason Molerats Dec 2020)
2808,G0069,MuddyWater,group,uses,S0591,ConnectWise,software,(Citation: Anomali Static Kitten February 2021)(Citation: Trend Micro Muddy Water March 2021)
2221,G0069,MuddyWater,group,uses,S0488,CrackMapExec,software,(Citation: TrendMicro POWERSTATS V3 June 2019)(Citation: Symantec MuddyWater Dec 2018)
1962,G0069,MuddyWater,group,uses,S0363,Empire,software,(Citation: TrendMicro POWERSTATS V3 June 2019)
1961,G0069,MuddyWater,group,uses,S0250,Koadic,software,(Citation: Reaqta MuddyWater November 2017)(Citation: TrendMicro POWERSTATS V3 June 2019)
1338,G0069,MuddyWater,group,uses,S0349,LaZagne,software,(Citation: Symantec MuddyWater Dec 2018)(Citation: TrendMicro POWERSTATS V3 June 2019)
723,G0069,MuddyWater,group,uses,S0002,Mimikatz,software,(Citation: Unit 42 MuddyWater Nov 2017)(Citation: TrendMicro POWERSTATS V3 June 2019)
2816,G0069,MuddyWater,group,uses,S0594,Out1,software,(Citation: Trend Micro Muddy Water March 2021)
694,G0069,MuddyWater,group,uses,S0223,POWERSTATS,software,(Citation: Unit 42 MuddyWater Nov 2017)(Citation: FireEye MuddyWater Mar 2018)(Citation: ClearSky MuddyWater Nov 2018)(Citation: Symantec MuddyWater Dec 2018)(Citation: ClearSky MuddyWater June 2019)
1963,G0069,MuddyWater,group,uses,S0194,PowerSploit,software,(Citation: TrendMicro POWERSTATS V3 June 2019)
2811,G0069,MuddyWater,group,uses,S0592,RemoteUtilities,software,(Citation: Trend Micro Muddy Water March 2021)
1975,G0069,MuddyWater,group,uses,S0450,SHARPSTATS,software,(Citation: TrendMicro POWERSTATS V3 June 2019)
2894,G0129,Mustang Panda,group,uses,S0154,Cobalt Strike,software,(Citation: Crowdstrike MUSTANG PANDA June 2018)(Citation: Anomali MUSTANG PANDA October 2019)(Citation: Secureworks BRONZE PRESIDENT December 2019)(Citation: Recorded Future REDDELTA July 2020)(Citation: McAfee Dianxun March 2021)
2914,G0129,Mustang Panda,group,uses,S0590,NBTscan,software,(Citation: Secureworks BRONZE PRESIDENT December 2019)
2897,G0129,Mustang Panda,group,uses,S0013,PlugX,software,(Citation: Crowdstrike MUSTANG PANDA June 2018)(Citation: Anomali MUSTANG PANDA October 2019)(Citation: Secureworks BRONZE PRESIDENT December 2019)(Citation: Avira Mustang Panda January 2020)(Citation: Recorded Future REDDELTA July 2020)
2895,G0129,Mustang Panda,group,uses,S0012,PoisonIvy,software,(Citation: Crowdstrike MUSTANG PANDA June 2018)(Citation: Recorded Future REDDELTA July 2020)
904,G0055,NEODYMIUM,group,uses,S0176,Wingbird,software,(Citation: Microsoft NEODYMIUM Dec 2016)(Citation: Microsoft SIR Vol 21)
2056,G0019,Naikon,group,uses,S0456,Aria-body,software,(Citation: CheckPoint Naikon May 2020)(Citation: Bitdefender Naikon April 2021)
859,G0019,Naikon,group,uses,S0095,FTP,software,(Citation: Baumgartner Naikon 2015)
763,G0019,Naikon,group,uses,S0061,HDoor,software,(Citation: Baumgartner Naikon 2015)
3085,G0019,Naikon,group,uses,S0630,Nebulae,software,(Citation: Bitdefender Naikon April 2021)
284,G0019,Naikon,group,uses,S0039,Net,software,(Citation: Baumgartner Naikon 2015)(Citation: Bitdefender Naikon April 2021)
965,G0019,Naikon,group,uses,S0097,Ping,software,(Citation: Baumgartner Naikon 2015)(Citation: Bitdefender Naikon April 2021)
400,G0019,Naikon,group,uses,S0029,PsExec,software,(Citation: Baumgartner Naikon 2015)
602,G0019,Naikon,group,uses,S0055,RARSTONE,software,(Citation: Baumgartner Naikon 2015)(Citation: CameraShy)
3084,G0019,Naikon,group,uses,S0629,RainyDay,software,(Citation: Bitdefender Naikon April 2021)
642,G0019,Naikon,group,uses,S0058,SslMM,software,(Citation: Baumgartner Naikon 2015)(Citation: CameraShy)
571,G0019,Naikon,group,uses,S0060,Sys10,software,(Citation: Baumgartner Naikon 2015)
506,G0019,Naikon,group,uses,S0096,Systeminfo,software,(Citation: Baumgartner Naikon 2015)
683,G0019,Naikon,group,uses,S0057,Tasklist,software,(Citation: Baumgartner Naikon 2015)
583,G0019,Naikon,group,uses,S0059,WinMM,software,(Citation: Baumgartner Naikon 2015)(Citation: CameraShy)
985,G0019,Naikon,group,uses,S0108,netsh,software,(Citation: Baumgartner Naikon 2015)
1123,G0014,Night Dragon,group,uses,S0073,ASPXSpy,software,(Citation: McAfee Night Dragon)
1041,G0014,Night Dragon,group,uses,S0029,PsExec,software,(Citation: McAfee Night Dragon)
1140,G0014,Night Dragon,group,uses,S0110,at,software,(Citation: McAfee Night Dragon)
427,G0014,Night Dragon,group,uses,S0008,gsecdump,software,(Citation: McAfee Night Dragon)
771,G0014,Night Dragon,group,uses,S0350,zwShell,software,(Citation: McAfee Night Dragon)
3137,G0133,Nomadic Octopus,group,uses,S0340,Octopus,software,(Citation: Security Affairs DustSquad Oct 2018)(Citation: Securelist Octopus Oct 2018)(Citation: ESET Nomadic Octopus 2018) 
1303,G0049,OilRig,group,uses,S0360,BONDUPDATER,software,(Citation: FireEye APT34 Dec 2017) (Citation: Palo Alto OilRig Sep 2018)
1249,G0049,OilRig,group,uses,S0095,FTP,software,(Citation: Palo Alto OilRig Oct 2016)
920,G0049,OilRig,group,uses,S0170,Helminth,software,(Citation: Palo Alto OilRig May 2016)(Citation: FireEye APT34 Webinar Dec 2017)(Citation: Crowdstrike Helix Kitten Nov 2018)
983,G0049,OilRig,group,uses,S0189,ISMInjector,software,(Citation: OilRig New Delivery Oct 2017)
1018,G0049,OilRig,group,uses,S0349,LaZagne,software,(Citation: FireEye APT35 2018)
58,G0049,OilRig,group,uses,S0002,Mimikatz,software,(Citation: Unit 42 Playbook Dec 2017)(Citation: FireEye APT34 Webinar Dec 2017)(Citation: FireEye APT35 2018)
1206,G0049,OilRig,group,uses,S0039,Net,software,(Citation: Palo Alto OilRig May 2016)(Citation: FireEye APT34 Dec 2017)
653,G0049,OilRig,group,uses,S0264,OopsIE,software,(Citation: Unit 42 OopsIE! Feb 2018)
830,G0049,OilRig,group,uses,S0184,POWRUNER,software,(Citation: FireEye APT34 Dec 2017)
986,G0049,OilRig,group,uses,S0029,PsExec,software,(Citation: FireEye APT34 Webinar Dec 2017)
1289,G0049,OilRig,group,uses,S0269,QUADAGENT,software,(Citation: Unit 42 QUADAGENT July 2018)
2320,G0049,OilRig,group,uses,S0495,RDAT,software,(Citation: Unit42 RDAT July 2020)
89,G0049,OilRig,group,uses,S0258,RGDoor,software,(Citation: Unit 42 RGDoor Jan 2018)
516,G0049,OilRig,group,uses,S0075,Reg,software,(Citation: Palo Alto OilRig May 2016)(Citation: FireEye APT34 Dec 2017)
332,G0049,OilRig,group,uses,S0185,SEASHARPEE,software,(Citation: FireEye APT34 Webinar Dec 2017)
3038,G0049,OilRig,group,uses,S0610,SideTwist,software,(Citation: Check Point APT34 April 2021)
1057,G0049,OilRig,group,uses,S0096,Systeminfo,software,(Citation: FireEye APT34 Dec 2017)
138,G0049,OilRig,group,uses,S0057,Tasklist,software,(Citation: Palo Alto OilRig May 2016)(Citation: FireEye APT34 Dec 2017)
988,G0049,OilRig,group,uses,S0160,certutil,software,(Citation: FireEye APT34 Dec 2017)
1091,G0049,OilRig,group,uses,S0100,ipconfig,software,(Citation: Palo Alto OilRig May 2016)
92,G0049,OilRig,group,uses,S0104,netstat,software,(Citation: Palo Alto OilRig May 2016)(Citation: FireEye APT34 Dec 2017)
2457,G0116,Operation Wocao,group,uses,S0521,BloodHound,software,(Citation: FoxIT Wocao December 2019)
2399,G0116,Operation Wocao,group,uses,S0357,Impacket,software,(Citation: FoxIT Wocao December 2019)
2505,G0116,Operation Wocao,group,uses,S0002,Mimikatz,software,(Citation: FoxIT Wocao December 2019)
2398,G0116,Operation Wocao,group,uses,S0194,PowerSploit,software,(Citation: FoxIT Wocao December 2019)
2504,G0116,Operation Wocao,group,uses,S0105,dsquery,software,(Citation: FoxIT Wocao December 2019)
2397,G0116,Operation Wocao,group,uses,S0104,netstat,software,(Citation: FoxIT Wocao December 2019)
800,G0071,Orangeworm,group,uses,S0099,Arp,software,(Citation: Symantec Orangeworm April 2018)
673,G0071,Orangeworm,group,uses,S0236,Kwampirs,software,(Citation: Symantec Orangeworm April 2018)
79,G0071,Orangeworm,group,uses,S0039,Net,software,(Citation: Symantec Orangeworm April 2018)
51,G0071,Orangeworm,group,uses,S0096,Systeminfo,software,(Citation: Symantec Orangeworm April 2018)
331,G0071,Orangeworm,group,uses,S0106,cmd,software,(Citation: Symantec Orangeworm April 2018)
63,G0071,Orangeworm,group,uses,S0100,ipconfig,software,(Citation: Symantec Orangeworm April 2018)
919,G0071,Orangeworm,group,uses,S0104,netstat,software,(Citation: Symantec Orangeworm April 2018)
293,G0071,Orangeworm,group,uses,S0103,route,software,(Citation: Symantec Orangeworm April 2018)
422,G0068,PLATINUM,group,uses,S0200,Dipsind,software,(Citation: Microsoft PLATINUM April 2016)
755,G0068,PLATINUM,group,uses,S0201,JPIN,software,(Citation: Microsoft PLATINUM April 2016)
821,G0068,PLATINUM,group,uses,S0202,adbupd,software,(Citation: Microsoft PLATINUM April 2016)
2220,G0056,PROMETHIUM,group,uses,S0491,StrongPity,software,(Citation: Bitdefender StrongPity June 2020)(Citation: Talos Promethium June 2020)
691,G0056,PROMETHIUM,group,uses,S0178,Truvasys,software,(Citation: Microsoft NEODYMIUM Dec 2016)(Citation: Microsoft SIR Vol 21)
713,G0040,Patchwork,group,uses,S0129,AutoIt backdoor,software,(Citation: Forcepoint Monsoon)
613,G0040,Patchwork,group,uses,S0128,BADNEWS,software,(Citation: Forcepoint Monsoon)(Citation: TrendMicro Patchwork Dec 2017)
2160,G0040,Patchwork,group,uses,S0475,BackConfig,software,(Citation: Unit 42 BackConfig May 2020)
8,G0040,Patchwork,group,uses,S0272,NDiskMonitor,software,(Citation: TrendMicro Patchwork Dec 2017)
789,G0040,Patchwork,group,uses,S0194,PowerSploit,software,(Citation: Cymmetria Patchwork)
1046,G0040,Patchwork,group,uses,S0262,QuasarRAT,software,(Citation: TrendMicro Patchwork Dec 2017)(Citation: Volexity Patchwork June 2018)
964,G0040,Patchwork,group,uses,S0131,TINYTYPHON,software,(Citation: Forcepoint Monsoon)
98,G0040,Patchwork,group,uses,S0130,Unknown Logger,software,(Citation: Forcepoint Monsoon)
784,G0011,PittyTiger,group,uses,S0010,Lurid,software,(Citation: Villeneuve 2014)
1163,G0011,PittyTiger,group,uses,S0002,Mimikatz,software,(Citation: Bizeul 2014)
558,G0011,PittyTiger,group,uses,S0012,PoisonIvy,software,(Citation: Villeneuve 2014)
1135,G0011,PittyTiger,group,uses,S0032,gh0st RAT,software,(Citation: Bizeul 2014)(Citation: Villeneuve 2014)
918,G0011,PittyTiger,group,uses,S0008,gsecdump,software,(Citation: Bizeul 2014)
1250,G0024,Putter Panda,group,uses,S0066,3PARA RAT,software,(Citation: CrowdStrike Putter Panda)
494,G0024,Putter Panda,group,uses,S0065,4H RAT,software,(Citation: CrowdStrike Putter Panda)
452,G0024,Putter Panda,group,uses,S0068,httpclient,software,(Citation: CrowdStrike Putter Panda)
914,G0024,Putter Panda,group,uses,S0067,pngdowner,software,(Citation: CrowdStrike Putter Panda)
329,G0048,RTM,group,uses,S0148,RTM,software,(Citation: ESET RTM Feb 2017)
689,G0075,Rancor,group,uses,S0255,DDKONG,software,(Citation: Rancor Unit42 June 2018)
141,G0075,Rancor,group,uses,S0254,PLAINTEE,software,(Citation: Rancor Unit42 June 2018)
905,G0075,Rancor,group,uses,S0075,Reg,software,(Citation: Rancor Unit42 June 2018)
334,G0075,Rancor,group,uses,S0160,certutil,software,(Citation: Rancor Unit42 June 2018)
1255,G0034,Sandworm Team,group,uses,S0089,BlackEnergy,software,(Citation: iSIGHT Sandworm 2014)(Citation: F-Secure BlackEnergy 2014)(Citation: US District Court Indictment GRU Unit 74455 October 2020)(Citation: UK NCSC Olympic Attacks October 2020)
2096,G0034,Sandworm Team,group,uses,S0401,Exaramel for Linux,software,(Citation: ESET TeleBots Oct 2018)(Citation: ANSSI Sandworm January 2021)
2095,G0034,Sandworm Team,group,uses,S0343,Exaramel for Windows,software,(Citation: ESET TeleBots Oct 2018)
2589,G0034,Sandworm Team,group,uses,S0604,Industroyer,software,(Citation: Dragos Crashoverride 2018)(Citation: Dragos Crashoverride 2017)(Citation: ESET Industroyer)
2470,G0034,Sandworm Team,group,uses,S0231,Invoke-PSImage,software,(Citation: US District Court Indictment GRU Unit 74455 October 2020)
2614,G0034,Sandworm Team,group,uses,S0607,KillDisk,software,(Citation: US District Court Indictment GRU Unit 74455 October 2020)
3410,G0034,Sandworm Team,group,uses,S0002,Mimikatz,software,(Citation: Dragos Crashoverride 2018)
3409,G0034,Sandworm Team,group,uses,S0039,Net,software,(Citation: Dragos Crashoverride 2018)
2098,G0034,Sandworm Team,group,uses,S0368,NotPetya,software,(Citation: NCSC Sandworm Feb 2020)(Citation: US District Court Indictment GRU Unit 74455 October 2020)(Citation: UK NCSC Olympic Attacks October 2020)
2097,G0034,Sandworm Team,group,uses,S0365,Olympic Destroyer,software,(Citation: CrowdStrike GTR 2019)(Citation: Secureworks IRON VIKING )(Citation: US District Court Indictment GRU Unit 74455 October 2020)(Citation: UK NCSC Olympic Attacks October 2020)
2904,G0034,Sandworm Team,group,uses,S0598,P.A.S. Webshell,software,(Citation: ANSSI Sandworm January 2021)
3186,G0034,Sandworm Team,group,uses,S0029,PsExec,software,(Citation: Dragos Crashoverride 2018)
130,G0029,Scarlet Mimic,group,uses,S0077,CallMe,software,(Citation: Scarlet Mimic Jan 2016)
217,G0029,Scarlet Mimic,group,uses,S0076,FakeM,software,(Citation: Scarlet Mimic Jan 2016)
1210,G0029,Scarlet Mimic,group,uses,S0079,MobileOrder,software,(Citation: Scarlet Mimic Jan 2016)
48,G0029,Scarlet Mimic,group,uses,S0078,Psylo,software,(Citation: Scarlet Mimic Jan 2016)
1952,G0104,Sharpshooter,group,uses,S0448,Rising Sun,software,
2669,G0121,Sidewinder,group,uses,S0250,Koadic,software,(Citation: ATT Sidewinder January 2021)
1814,G0091,Silence,group,uses,S0363,Empire,software,(Citation: Group IB Silence Aug 2019)
1813,G0091,Silence,group,uses,S0195,SDelete,software,(Citation: Group IB Silence Sept 2018)
1451,G0091,Silence,group,uses,S0191,Winexe,software,(Citation: SecureList Silence Nov 2017)
1149,G0083,SilverTerrier,group,uses,S0331,Agent Tesla,software,(Citation: Unit42 SilverTerrier 2018)
1037,G0083,SilverTerrier,group,uses,S0334,DarkComet,software,(Citation: Unit42 SilverTerrier 2018)
1971,G0083,SilverTerrier,group,uses,S0447,Lokibot,software,(Citation: Unit42 SilverTerrier 2018)
370,G0083,SilverTerrier,group,uses,S0198,NETWIRE,software,(Citation: Unit42 SilverTerrier 2018)
424,G0083,SilverTerrier,group,uses,S0336,NanoCore,software,(Citation: Unit42 SilverTerrier 2018)
862,G0054,Sowbug,group,uses,S0171,Felismus,software,(Citation: Symantec Sowbug Nov 2017)
798,G0054,Sowbug,group,uses,S0188,Starloader,software,(Citation: Symantec Sowbug Nov 2017)
384,G0041,Strider,group,uses,S0125,Remsec,software,(Citation: Symantec Strider Blog)(Citation: Kaspersky ProjectSauron Blog)
616,G0039,Suckfly,group,uses,S0118,Nidiran,software,(Citation: Symantec Suckfly March 2016)(Citation: Symantec Suckfly May 2016)
559,G0062,TA459,group,uses,S0033,NetTraveler,software,(Citation: Proofpoint TA459 April 2017)
1028,G0062,TA459,group,uses,S0013,PlugX,software,(Citation: Proofpoint TA459 April 2017)
244,G0062,TA459,group,uses,S0230,ZeroT,software,(Citation: Proofpoint TA459 April 2017)
597,G0062,TA459,group,uses,S0032,gh0st RAT,software,[TA459](https://attack.mitre.org/groups/G0062) has used a Gh0st variant known as PCrat/Gh0st.(Citation: Proofpoint TA459 April 2017)
3392,G0092,TA505,group,uses,S0611,Clop,software,(Citation: Unit42 Clop April 2021)(Citation: Cybereason Clop Dec 2020)
1469,G0092,TA505,group,uses,S0384,Dridex,software,(Citation: Proofpoint TA505 Sep 2017)(Citation: Proofpoint TA505 June 2018)(Citation: IBM TA505 April 2020)
1462,G0092,TA505,group,uses,S0381,FlawedAmmyy,software,(Citation: Proofpoint TA505 Mar 2018)(Citation: Trend Micro TA505 June 2019)(Citation: Proofpoint TA505 October 2019)
1467,G0092,TA505,group,uses,S0383,FlawedGrace,software,(Citation: Proofpoint TA505 Jan 2019)(Citation: Trend Micro TA505 June 2019)(Citation: Proofpoint TA505 October 2019)
2080,G0092,TA505,group,uses,S0460,Get2,software,(Citation: Proofpoint TA505 October 2019)
2076,G0092,TA505,group,uses,S0039,Net,software,(Citation: Trend Micro TA505 June 2019)
2079,G0092,TA505,group,uses,S0461,SDBbot,software,(Citation: Proofpoint TA505 October 2019)(Citation: IBM TA505 April 2020)
1466,G0092,TA505,group,uses,S0382,ServHelper,software,(Citation: Proofpoint TA505 Jan 2019)(Citation: Cybereason TA505 April 2019)(Citation: Deep Instinct TA505 Apr 2019)(Citation: Trend Micro TA505 June 2019)
1461,G0092,TA505,group,uses,S0266,TrickBot,software,(Citation: Proofpoint TA505 Sep 2017)(Citation: IBM TA505 April 2020)
2826,G0127,TA551,group,uses,S0483,IcedID,software,(Citation: Cybereason Valak May 2020)(Citation: Unit 42 Valak July 2020)(Citation: Unit 42 TA551 Jan 2021)(Citation: Secureworks GOLD CABIN)
3281,G0127,TA551,group,uses,S0650,QakBot,software,(Citation: ATT QakBot April 2021)
2832,G0127,TA551,group,uses,S0386,Ursnif,software,(Citation: Cybereason Valak May 2020)(Citation: Unit 42 Valak July 2020)(Citation: Unit 42 TA551 Jan 2021)(Citation: Secureworks GOLD CABIN)
2829,G0127,TA551,group,uses,S0476,Valak,software,(Citation: Cybereason Valak May 2020)(Citation: Unit 42 Valak July 2020)(Citation: Unit 42 TA551 Jan 2021)(Citation: Secureworks GOLD CABIN)
1380,G0088,TEMP.Veles,group,uses,S0002,Mimikatz,software,(Citation: FireEye TRITON 2019)
1379,G0088,TEMP.Veles,group,uses,S0029,PsExec,software,(Citation: FireEye TRITON 2019)(Citation: Dragos Xenotime 2018)
3317,G0139,TeamTNT,group,uses,S0601,Hildegard,software,(Citation: Unit 42 Hildegard Malware)
3318,G0139,TeamTNT,group,uses,S0349,LaZagne,software,(Citation: ATT TeamTNT Chimaera September 2020)
3320,G0139,TeamTNT,group,uses,S0179,MimiPenguin,software,(Citation: Palo Alto Black-T October 2020)
1430,G0089,The White Company,group,uses,S0198,NETWIRE,software,(Citation: Cylance Shaheen Nov 2018)
1431,G0089,The White Company,group,uses,S0379,Revenge RAT,software,(Citation: Cylance Shaheen Nov 2018)
497,G0028,Threat Group-1314,group,uses,S0039,Net,software,(Citation: Dell TG-1314)
811,G0028,Threat Group-1314,group,uses,S0029,PsExec,software,(Citation: Dell TG-1314)
911,G0027,Threat Group-3390,group,uses,S0073,ASPXSpy,software,[Threat Group-3390](https://attack.mitre.org/groups/G0027) has used a modified version of ASPXSpy called ASPXTool.(Citation: Dell TG-3390)
1185,G0027,Threat Group-3390,group,uses,S0020,China Chopper,software,(Citation: Dell TG-3390)(Citation: SecureWorks BRONZE UNION June 2017)(Citation: Nccgroup Emissary Panda May 2018)(Citation: Unit42 Emissary Panda May 2019)
1095,G0027,Threat Group-3390,group,uses,S0070,HTTPBrowser,software,(Citation: Dell TG-3390)(Citation: SecureWorks BRONZE UNION June 2017)(Citation: Nccgroup Emissary Panda May 2018)
1518,G0027,Threat Group-3390,group,uses,S0398,HyperBro,software,(Citation: Unit42 Emissary Panda May 2019)(Citation: Securelist LuckyMouse June 2018)(Citation: Hacker News LuckyMouse June 2018)
1519,G0027,Threat Group-3390,group,uses,S0357,Impacket,software,(Citation: Unit42 Emissary Panda May 2019)
1231,G0027,Threat Group-3390,group,uses,S0002,Mimikatz,software,[Threat Group-3390](https://attack.mitre.org/groups/G0027) has used a modified version of Mimikatz called Wrapikatz.(Citation: SecureWorks BRONZE UNION June 2017)(Citation: Nccgroup Emissary Panda May 2018)
2801,G0027,Threat Group-3390,group,uses,S0590,NBTscan,software,(Citation: Dell TG-3390)
393,G0027,Threat Group-3390,group,uses,S0039,Net,software,(Citation: SecureWorks BRONZE UNION June 2017)
194,G0027,Threat Group-3390,group,uses,S0072,OwaAuth,software,(Citation: Dell TG-3390)(Citation: SecureWorks BRONZE UNION June 2017)
857,G0027,Threat Group-3390,group,uses,S0013,PlugX,software,(Citation: Dell TG-3390)(Citation: SecureWorks BRONZE UNION June 2017)(Citation: Nccgroup Emissary Panda May 2018)
989,G0027,Threat Group-3390,group,uses,S0005,Windows Credential Editor,software,(Citation: Dell TG-3390)
1655,G0027,Threat Group-3390,group,uses,S0412,ZxShell,software,(Citation: Secureworks BRONZEUNION Feb 2019)
1654,G0027,Threat Group-3390,group,uses,S0032,gh0st RAT,software,(Citation: Secureworks BRONZEUNION Feb 2019)
1277,G0027,Threat Group-3390,group,uses,S0008,gsecdump,software,(Citation: Dell TG-3390)
612,G0027,Threat Group-3390,group,uses,S0100,ipconfig,software,(Citation: SecureWorks BRONZE UNION June 2017)
1517,G0027,Threat Group-3390,group,uses,S0006,pwdump,software,(Citation: Unit42 Emissary Panda May 2019)
407,G0076,Thrip,group,uses,S0261,Catchamas,software,(Citation: Symantec Thrip June 2018)
765,G0076,Thrip,group,uses,S0002,Mimikatz,software,(Citation: Symantec Thrip June 2018)
1269,G0076,Thrip,group,uses,S0029,PsExec,software,[Thrip](https://attack.mitre.org/groups/G0076) used PsExec to move laterally between computers on the victim’s network.(Citation: Symantec Thrip June 2018)
3030,G0131,Tonto Team,group,uses,S0268,Bisonal,software,(Citation: Kaspersky CactusPete Aug 2020)(Citation: Secureworks BRONZE HUNTLEY )
3417,G0131,Tonto Team,group,uses,S0349,LaZagne,software,(Citation: TrendMicro Tonto Team October 2020)
3034,G0131,Tonto Team,group,uses,S0002,Mimikatz,software,(Citation: Kaspersky CactusPete Aug 2020)
3420,G0131,Tonto Team,group,uses,S0590,NBTscan,software,(Citation: TrendMicro Tonto Team October 2020)
3029,G0131,Tonto Team,group,uses,S0596,ShadowPad,software,(Citation: Kaspersky CactusPete Aug 2020)
3419,G0131,Tonto Team,group,uses,S0008,gsecdump,software,(Citation: TrendMicro Tonto Team October 2020)
3155,G0134,Transparent Tribe,group,uses,S0115,Crimson,software,(Citation: Proofpoint Operation Transparent Tribe March 2016)
3170,G0134,Transparent Tribe,group,uses,S0334,DarkComet,software,(Citation: Unit 42 ProjectM March 2016)
3169,G0134,Transparent Tribe,group,uses,S0644,ObliqueRAT,software,(Citation: Talos Oblique RAT March 2021)
3171,G0134,Transparent Tribe,group,uses,S0643,Peppy,software,(Citation: Unit 42 ProjectM March 2016)
3157,G0134,Transparent Tribe,group,uses,S0385,njRAT,software,(Citation: Proofpoint Operation Transparent Tribe March 2016)
1597,G0081,Tropic Trooper,group,uses,S0190,BITSAdmin,software,(Citation: TrendMicro Tropic Trooper Mar 2018)
1486,G0081,Tropic Trooper,group,uses,S0387,KeyBoy,software,(Citation: Unit 42 Tropic Trooper Nov 2016)(Citation: CitizenLab Tropic Trooper Aug 2018)
769,G0081,Tropic Trooper,group,uses,S0012,PoisonIvy,software,(Citation: Unit 42 Tropic Trooper Nov 2016)
2835,G0081,Tropic Trooper,group,uses,S0596,ShadowPad,software,(Citation: Recorded Future RedEcho Feb 2021)
1979,G0081,Tropic Trooper,group,uses,S0452,USBferry,software,(Citation: TrendMicro Tropic Trooper May 2020)
1487,G0081,Tropic Trooper,group,uses,S0388,YAHOYAH,software,(Citation: TrendMicro TropicTrooper 2015)
708,G0010,Turla,group,uses,S0099,Arp,software,(Citation: Kaspersky Turla)
1279,G0010,Turla,group,uses,S0335,Carbon,software,(Citation: ESET Carbon Mar 2017)
1246,G0010,Turla,group,uses,S0126,ComRAT,software,(Citation: Symantec Waterbug)(Citation: Unit 42 IronNetInjector February 2021 )
2501,G0010,Turla,group,uses,S0538,Crutch,software,(Citation: ESET Crutch December 2020)
1329,G0010,Turla,group,uses,S0363,Empire,software,(Citation: ESET Turla August 2018)(Citation: ESET Crutch December 2020)
589,G0010,Turla,group,uses,S0091,Epic,software,(Citation: Kaspersky Turla)
129,G0010,Turla,group,uses,S0168,Gazer,software,(Citation: ESET Gazer Aug 2017)
2498,G0010,Turla,group,uses,S0537,HyperStack,software,(Citation: Accenture HyperStack October 2020)
2730,G0010,Turla,group,uses,S0581,IronNetInjector,software,(Citation: Unit 42 IronNetInjector February 2021 )
1072,G0010,Turla,group,uses,S0265,Kazuar,software,(Citation: Unit 42 Kazuar May 2017)
1506,G0010,Turla,group,uses,S0395,LightNeuron,software,(Citation: ESET LightNeuron May 2019)
704,G0010,Turla,group,uses,S0002,Mimikatz,software,(Citation: ESET Turla Mosquito May 2018)(Citation: Symantec Waterbug Jun 2019)
467,G0010,Turla,group,uses,S0256,Mosquito,software,(Citation: ESET Turla Mosquito Jan 2018)(Citation: ESET Turla Mosquito May 2018)
2802,G0010,Turla,group,uses,S0590,NBTscan,software,(Citation: Symantec Waterbug Jun 2019)
944,G0010,Turla,group,uses,S0039,Net,software,(Citation: Kaspersky Turla)
2796,G0010,Turla,group,uses,S0587,Penquin,software,(Citation: Leonardo Turla Penquin May 2020)
1503,G0010,Turla,group,uses,S0393,PowerStallion,software,(Citation: ESET Turla PowerShell May 2019)
1512,G0010,Turla,group,uses,S0029,PsExec,software,(Citation: Symantec Waterbug Jun 2019)
512,G0010,Turla,group,uses,S0075,Reg,software,(Citation: Kaspersky Turla)
1247,G0010,Turla,group,uses,S0096,Systeminfo,software,(Citation: Kaspersky Turla)
308,G0010,Turla,group,uses,S0057,Tasklist,software,(Citation: Kaspersky Turla)
684,G0010,Turla,group,uses,S0022,Uroburos,software,(Citation: Kaspersky Turla)
1513,G0010,Turla,group,uses,S0160,certutil,software,(Citation: Symantec Waterbug Jun 2019)
693,G0010,Turla,group,uses,S0102,nbtstat,software,(Citation: Kaspersky Turla)
696,G0010,Turla,group,uses,S0104,netstat,software,(Citation: Kaspersky Turla)
2717,G0123,Volatile Cedar,group,uses,S0572,Caterpillar WebShell,software,(Citation: ClearSky Lebanese Cedar Jan 2021)(Citation: CheckPoint Volatile Cedar March 2015)
2711,G0123,Volatile Cedar,group,uses,S0569,Explosive,software,(Citation: CheckPoint Volatile Cedar March 2015)(Citation: ClearSky Lebanese Cedar Jan 2021)
1438,G0090,WIRTE,group,uses,S0363,Empire,software,(Citation: Lab52 WIRTE Apr 2019)
2045,G0107,Whitefly,group,uses,S0002,Mimikatz,software,(Citation: Symantec Whitefly March 2019)
2718,G0124,Windigo,group,uses,S0377,Ebury,software,(Citation: ESET Ebury Oct 2017)
2185,G0112,Windshift,group,uses,S0466,WindTail,software,(Citation: SANS Windshift August 2018)(Citation: objective-see windtail1 dec 2018)(Citation: objective-see windtail2 jan 2019)
2235,G0044,Winnti Group,group,uses,S0501,PipeMon,software,(Citation: ESET PipeMon May 2020)
386,G0044,Winnti Group,group,uses,S0141,Winnti for Windows,software,(Citation: Kaspersky Winnti April 2013)(Citation: Kaspersky Winnti June 2015)
2557,G0102,Wizard Spider,group,uses,S0552,AdFind,software,(Citation: FireEye Ryuk and Trickbot January 2019)(Citation: DFIR Ryuk's Return October 2020)(Citation: DFIR Ryuk 2 Hour Speed Run November 2020)(Citation: Red Canary Hospital Thwarted Ryuk October 2020)
3072,G0102,Wizard Spider,group,uses,S0534,Bazar,software,(Citation: CrowdStrike Wizard Spider October 2020)
2394,G0102,Wizard Spider,group,uses,S0521,BloodHound,software,(Citation: DHS/CISA Ransomware Targeting Healthcare October 2020)(Citation: FireEye KEGTAP SINGLEMALT October 2020)(Citation: Sophos New Ryuk Attack October 2020)
2396,G0102,Wizard Spider,group,uses,S0154,Cobalt Strike,software,(Citation: FireEye KEGTAP SINGLEMALT October 2020)(Citation: DHS/CISA Ransomware Targeting Healthcare October 2020)(Citation: DFIR Ryuk's Return October 2020)(Citation: DFIR Ryuk 2 Hour Speed Run November 2020)(Citation: DFIR Ryuk in 5 Hours October 2020)(Citation: Sophos New Ryuk Attack October 2020)(Citation: CrowdStrike Wizard Spider October 2020)
3071,G0102,Wizard Spider,group,uses,S0575,Conti,software,(Citation: CrowdStrike Wizard Spider October 2020)
2147,G0102,Wizard Spider,group,uses,S0024,Dyre,software,(Citation: Forbes Dyre May 2017)(Citation: CrowdStrike Wizard Spider March 2019)(Citation: Malwarebytes TrickBot Sep 2019)
1890,G0102,Wizard Spider,group,uses,S0367,Emotet,software,(Citation: CrowdStrike Grim Spider May 2019)(Citation: Sophos New Ryuk Attack October 2020)
1889,G0102,Wizard Spider,group,uses,S0363,Empire,software,(Citation: CrowdStrike Grim Spider May 2019)(Citation: DHS/CISA Ransomware Targeting Healthcare October 2020)(Citation: FireEye KEGTAP SINGLEMALT October 2020)
3089,G0102,Wizard Spider,group,uses,S0632,GrimAgent,software,(Citation: Group IB GrimAgent July 2021)
2395,G0102,Wizard Spider,group,uses,S0002,Mimikatz,software,(Citation: FireEye KEGTAP SINGLEMALT October 2020)(Citation: DHS/CISA Ransomware Targeting Healthcare October 2020)
1931,G0102,Wizard Spider,group,uses,S0039,Net,software,(Citation: CrowdStrike Ryuk January 2019)(Citation: Red Canary Hospital Thwarted Ryuk October 2020)(Citation: FireEye KEGTAP SINGLEMALT October 2020)(Citation: DFIR Ryuk's Return October 2020)(Citation: DFIR Ryuk 2 Hour Speed Run November 2020)(Citation: DFIR Ryuk in 5 Hours October 2020)(Citation: Sophos New Ryuk Attack October 2020)
2392,G0102,Wizard Spider,group,uses,S0359,Nltest,software,(Citation: FireEye KEGTAP SINGLEMALT October 2020)(Citation: DFIR Ryuk's Return October 2020)(Citation: DFIR Ryuk 2 Hour Speed Run November 2020)(Citation: DFIR Ryuk in 5 Hours October 2020)(Citation: Sophos New Ryuk Attack October 2020)(Citation: Red Canary Hospital Thwarted Ryuk October 2020)
2393,G0102,Wizard Spider,group,uses,S0097,Ping,software,(Citation: DFIR Ryuk's Return October 2020)(Citation: DHS/CISA Ransomware Targeting Healthcare October 2020)(Citation: DFIR Ryuk in 5 Hours October 2020)
1887,G0102,Wizard Spider,group,uses,S0029,PsExec,software,(Citation: CrowdStrike Grim Spider May 2019)(Citation: FireEye KEGTAP SINGLEMALT October 2020)
1930,G0102,Wizard Spider,group,uses,S0446,Ryuk,software,(Citation: CrowdStrike Ryuk January 2019)(Citation: Red Canary Hospital Thwarted Ryuk October 2020)(Citation: DHS/CISA Ransomware Targeting Healthcare October 2020)(Citation: FireEye KEGTAP SINGLEMALT October 2020)(Citation: DFIR Ryuk's Return October 2020)(Citation: DFIR Ryuk 2 Hour Speed Run November 2020)(Citation: DFIR Ryuk in 5 Hours October 2020)(Citation: Sophos New Ryuk Attack October 2020)(Citation: CrowdStrike Wizard Spider October 2020)
1888,G0102,Wizard Spider,group,uses,S0266,TrickBot,software,(Citation: CrowdStrike Grim Spider May 2019)(Citation: DHS/CISA Ransomware Targeting Healthcare October 2020)(Citation: Sophos New Ryuk Attack October 2020)(Citation: CrowdStrike Wizard Spider October 2020)
688,G0018,admin@338,group,uses,S0043,BUBBLEWRAP,software,(Citation: FireEye admin@338)
829,G0018,admin@338,group,uses,S0042,LOWBALL,software,(Citation: FireEye admin@338)
744,G0018,admin@338,group,uses,S0039,Net,software,(Citation: FireEye admin@338)
444,G0018,admin@338,group,uses,S0012,PoisonIvy,software,(Citation: FireEye admin@338)
1232,G0018,admin@338,group,uses,S0096,Systeminfo,software,(Citation: FireEye admin@338)
398,G0018,admin@338,group,uses,S0100,ipconfig,software,(Citation: FireEye admin@338)
663,G0018,admin@338,group,uses,S0104,netstat,software,(Citation: FireEye admin@338)
2558,G0045,menuPass,group,uses,S0552,AdFind,software,(Citation: Symantec Cicada November 2020)
1118,G0045,menuPass,group,uses,S0144,ChChes,software,(Citation: PWC Cloud Hopper Technical Annex April 2017)
3075,G0045,menuPass,group,uses,S0154,Cobalt Strike,software,(Citation: Securelist APT10 March 2021)
3077,G0045,menuPass,group,uses,S0624,Ecipekac,software,(Citation: Securelist APT10 March 2021)
1281,G0045,menuPass,group,uses,S0152,EvilGrab,software,(Citation: PWC Cloud Hopper Technical Annex April 2017)
3079,G0045,menuPass,group,uses,S0628,FYAnti,software,(Citation: Securelist APT10 March 2021)
1032,G0045,menuPass,group,uses,S0357,Impacket,software,(Citation: PWC Cloud Hopper Technical Annex April 2017)
543,G0045,menuPass,group,uses,S0002,Mimikatz,software,(Citation: PWC Cloud Hopper Technical Annex April 2017)
196,G0045,menuPass,group,uses,S0039,Net,software,(Citation: PWC Cloud Hopper Technical Annex April 2017)
3076,G0045,menuPass,group,uses,S0626,P8RAT,software,(Citation: Securelist APT10 March 2021)
867,G0045,menuPass,group,uses,S0097,Ping,software,(Citation: PWC Cloud Hopper Technical Annex April 2017)(Citation: FireEye APT10 April 2017)
997,G0045,menuPass,group,uses,S0013,PlugX,software,(Citation: PWC Cloud Hopper Technical Annex April 2017)(Citation: FireEye APT10 April 2017)(Citation: DOJ APT10 Dec 2018)
509,G0045,menuPass,group,uses,S0012,PoisonIvy,software,(Citation: PWC Cloud Hopper Technical Annex April 2017)(Citation: District Court of NY APT10 Indictment December 2018)
341,G0045,menuPass,group,uses,S0194,PowerSploit,software,(Citation: PWC Cloud Hopper Technical Annex April 2017)
1134,G0045,menuPass,group,uses,S0029,PsExec,software,(Citation: PWC Cloud Hopper Technical Annex April 2017)(Citation: FireEye APT10 April 2017)
1404,G0045,menuPass,group,uses,S0262,QuasarRAT,software,(Citation: DOJ APT10 Dec 2018)(Citation: Symantec Cicada November 2020)(Citation: Securelist APT10 March 2021)
1194,G0045,menuPass,group,uses,S0153,RedLeaves,software,(Citation: PWC Cloud Hopper Technical Annex April 2017)(Citation: DOJ APT10 Dec 2018)
719,G0045,menuPass,group,uses,S0159,SNUGRIDE,software,(Citation: FireEye APT10 April 2017)
3080,G0045,menuPass,group,uses,S0627,SodaMaster,software,(Citation: Securelist APT10 March 2021)
745,G0045,menuPass,group,uses,S0275,UPPERCUT,software,(Citation: FireEye APT10 Sept 2018)
649,G0045,menuPass,group,uses,S0160,certutil,software,(Citation: Accenture Hogfish April 2018)(Citation: FireEye APT10 Sept 2018)(Citation: Symantec Cicada November 2020)
889,G0045,menuPass,group,uses,S0106,cmd,software,(Citation: PWC Cloud Hopper Technical Annex April 2017)
1584,G0045,menuPass,group,uses,S0404,esentutl,software,(Citation: FireEye APT10 Sept 2018)
677,G0045,menuPass,group,uses,S0006,pwdump,software,(Citation: PWC Cloud Hopper Technical Annex April 2017)
