,reference,citation,url
1243,ACSC Email Spoofing,"Australian Cyber Security Centre. (2012, December). Mitigating Spoofed Emails Using Sender Policy Framework. Retrieved October 19, 2020.",https://www.cyber.gov.au/sites/default/files/2019-03/spoof_email_sender_policy_framework.pdf
815,ADSecurity AD Kerberos Attacks,"Metcalf, S. (2014, November 22). Mimikatz and Active Directory Kerberos Attacks. Retrieved June 2, 2016.",https://adsecurity.org/?p=556
939,ADSecurity Finding Passwords in SYSVOL,"Sean Metcalf. (2015, December 28). Finding Passwords in SYSVOL & Exploiting Group Policy Preferences. Retrieved February 17, 2020.",https://adsecurity.org/?p=2288
936,ADSecurity Kerberos and KRBTGT,"Sean Metcalf. (2014, November 10). Kerberos & KRBTGT: Active Directory’s Domain Kerberos Service Account. Retrieved January 30, 2020.",https://adsecurity.org/?p=483
941,ADSecurity Mimikatz DCSync,"Metcalf, S. (2015, September 25). Mimikatz DCSync Usage, Exploitation, and Detection. Retrieved August 7, 2017.",https://adsecurity.org/?p=1729
834,ADSecurity Windows Secure Baseline,"Metcalf, S. (2016, October 21). Securing Windows Workstations: Developing a Secure Baseline. Retrieved November 17, 2017.",https://adsecurity.org/?p=3299
955,AWS - IAM Console Best Practices,"Moncur, Rob. (2020, July 5). New Information in the AWS IAM Console Helps You Follow IAM Best Practices. Retrieved August 4, 2020.",https://aws.amazon.com/blogs/security/newly-updated-features-in-the-aws-iam-console-help-you-adhere-to-iam-best-practices/
838,AdSecurity Cracking Kerberos Dec 2015,"Metcalf, S. (2015, December 31). Cracking Kerberos TGS Tickets Using Kerberoast – Exploiting Kerberos to Compromise the Active Directory Domain. Retrieved March 22, 2018.",https://adsecurity.org/?p=2293
847,AdSecurity DCSync Sept 2015,"Metcalf, S. (2015, September 25). Mimikatz DCSync Usage, Exploitation, and Detection. Retrieved December 4, 2017.",https://adsecurity.org/?p=1729
486,AdSecurity Kerberos GT Aug 2015,"Metcalf, S. (2015, August 7). Kerberos Golden Tickets are Now More Golden. Retrieved December 1, 2017.",https://adsecurity.org/?p=1640
779,Akamai DGA Mitigation,"Liu, H. and Yuzifovich, Y. (2018, January 9). A Death Match of Domain Generation Algorithms. Retrieved February 18, 2019.",https://blogs.akamai.com/2018/01/a-death-match-of-domain-generation-algorithms.html
912,Amazon  AWS Temporary Security Credentials,"Amazon. (n.d.). Temporary Security Credentials. Retrieved October 18, 2019.",https://docs.aws.amazon.com/IAM/latest/UserGuide/id_credentials_temp.html
1123,Amazon AWS IMDS V2,"MacCarthaigh, C. (2019, November 19). Add defense in depth against open firewalls, reverse proxies, and SSRF vulnerabilities with enhancements to the EC2 Instance Metadata Service. Retrieved October 14, 2020.",https://aws.amazon.com/blogs/security/defense-in-depth-open-firewalls-reverse-proxies-ssrf-vulnerabilities-ec2-instance-metadata-service/
911,"Amazon S3 Security, 2019","Amazon. (2019, May 17). How can I secure the files in my Amazon S3 bucket?. Retrieved October 4, 2019.",https://aws.amazon.com/premiumsupport/knowledge-center/secure-s3-resources/
842,Anomali Template Injection MAR 2018,"Intel_Acquisition_Team. (2018, March 1). Credential Harvesting and Malicious File Delivery using Microsoft Office Template Injection. Retrieved July 20, 2018.",https://forum.anomali.com/t/credential-harvesting-and-malicious-file-delivery-using-microsoft-office-template-injection/2104
1389,Apple App Security Overview,"Apple Inc. (2021, February 18). App security overview. Retrieved October 12, 2021.",https://support.apple.com/guide/security/app-security-overview-sec35dd877d0/1/web/1
1271,Apple Developer Doco Hardened Runtime,"Apple Inc.. (2021, January 1). Hardened Runtime: Manage security protections and resource access for your macOS apps.. Retrieved March 24, 2021.",https://developer.apple.com/documentation/security/hardened_runtime
935,Apple TN2459 Kernel Extensions,"Apple. (2018, April 19). Technical Note TN2459: User-Approved Kernel Extension Loading. Retrieved June 30, 2020.",https://developer.apple.com/library/archive/technotes/tn2459/_index.html
938,Apple Unified Log Analysis Remote Login and Screen Sharing,"Sarah Edwards. (2020, April 30). Analysis of Apple Unified Logs: Quarantine Edition [Entry 6] – Working From Home? Remote Logins. Retrieved August 19, 2021.",https://sarah-edwards-xzkc.squarespace.com/blog/2020/4/30/analysis-of-apple-unified-logs-quarantine-edition-entry-6-working-from-home-remote-logins
798,Ars Technica Pwn2Own 2017 VM Escape,"Goodin, D. (2017, March 17). Virtual machine escape fetches $105,000 at Pwn2Own hacking contest - updated. Retrieved March 12, 2018.",https://arstechnica.com/information-technology/2017/03/hack-that-escapes-vm-by-exploiting-edge-browser-fetches-105000-at-pwn2own/
769,Beechey 2010,"Beechey, J. (2010, December). Application Whitelisting: Panacea or Propaganda?. Retrieved November 18, 2014.",http://www.sans.org/reading-room/whitepapers/application/application-whitelisting-panacea-propaganda-33599
817,Berkley Secure,"Berkeley Security, University of California. (n.d.). Securing Remote Desktop for System Administrators. Retrieved November 4, 2014.",https://security.berkeley.edu/node/94
802,BleepingComputer DDE Disabled in Word Dec 2017,"Cimpanu, C. (2017, December 15). Microsoft Disables DDE Feature in Word to Prevent Further Malware Attacks. Retrieved December 19, 2017.",https://www.bleepingcomputer.com/news/microsoft/microsoft-disables-dde-feature-in-word-to-prevent-further-malware-attacks/
768,CERT-EU DDoS March 2017,"Meintanis, S., Revuelto, V., Socha, K.. (2017, March 10). DDoS Overview and Response Guide. Retrieved April 24, 2019.",http://cert.europa.eu/static/WhitePapers/CERT-EU_Security_Whitepaper_DDoS_17-003.pdf
837,Chkrootkit Main,"Murilo, N., Steding-Jessen, K. (2017, August 23). Chkrootkit. Retrieved April 9, 2018.",http://www.chkrootkit.org/
1124,Cisco ARP Poisoning Mitigation 2016,"King, J., Lauerman, K. (2016, January 22). ARP Poisoning (Man-in-the-Middle) Attack and Mitigation Technique. Retrieved October 15, 2020.",https://www.cisco.com/c/en/us/products/collateral/switches/catalyst-6500-series-switches/white_paper_c11_603839.html
1134,Cisco Blog Legacy Device Attacks,"Omar Santos. (2020, October 19). Attackers Continue to Target Legacy Devices. Retrieved October 20, 2020.",https://community.cisco.com/t5/security-blogs/attackers-continue-to-target-legacy-devices/ba-p/4169954
1127,Cisco IOS Software Integrity Assurance - AAA,"Cisco. (n.d.). Cisco IOS Software Integrity Assurance - AAA. Retrieved October 19, 2020.",https://tools.cisco.com/security/center/resources/integrity_assurance.html#38
1138,Cisco IOS Software Integrity Assurance - Change Control,"Cisco. (n.d.). Cisco IOS Software Integrity Assurance - Change Control. Retrieved October 21, 2020.",https://tools.cisco.com/security/center/resources/integrity_assurance.html#31
1128,Cisco IOS Software Integrity Assurance - Credentials Management,"Cisco. (n.d.). Cisco IOS Software Integrity Assurance - Credentials Management. Retrieved October 19, 2020.",https://tools.cisco.com/security/center/resources/integrity_assurance.html#40
1130,Cisco IOS Software Integrity Assurance - Deploy Signed IOS,"Cisco. (n.d.). Cisco IOS Software Integrity Assurance - Deploy Signed IOS. Retrieved October 21, 2020.",https://tools.cisco.com/security/center/resources/integrity_assurance.html#34
1137,Cisco IOS Software Integrity Assurance - Image File Integrity,"Cisco. (n.d.). Cisco IOS Software Integrity Assurance - Image File Integrity. Retrieved October 21, 2020.",https://tools.cisco.com/security/center/resources/integrity_assurance.html#30
1136,Cisco IOS Software Integrity Assurance - Image File Verification,"Cisco. (n.d.). Cisco IOS Software Integrity Assurance - Cisco IOS Image File Verification. Retrieved October 19, 2020.",https://tools.cisco.com/security/center/resources/integrity_assurance.html#7
1129,Cisco IOS Software Integrity Assurance - Secure Boot,"Cisco. (n.d.). Cisco IOS Software Integrity Assurance - Secure Boot. Retrieved October 19, 2020.",https://tools.cisco.com/security/center/resources/integrity_assurance.html#35
1126,Cisco IOS Software Integrity Assurance - TACACS,"Cisco. (n.d.). Cisco IOS Software Integrity Assurance - TACACS. Retrieved October 19, 2020.",https://tools.cisco.com/security/center/resources/integrity_assurance.html#39
1133,Cisco Securing SNMP,"Cisco. (2006, May 10). Securing Simple Network Management Protocol. Retrieved October 19, 2020.",https://www.cisco.com/c/en/us/support/docs/ip/simple-network-management-protocol-snmp/20370-snmpsecurity-20370.html
778,Cisco Umbrella DGA Brute Force,"Kasza, A. (2015, February 18). Using Algorithms to Brute Force Algorithms. Retrieved February 18, 2019.",https://umbrella.cisco.com/blog/2015/02/18/at-high-noon-algorithms-do-battle/
918,CloudSploit - Unused AWS Regions,"CloudSploit. (2019, June 8). The Danger of Unused AWS Regions. Retrieved October 8, 2019.",https://blog.cloudsploit.com/the-danger-of-unused-aws-regions-af0bf1b878fc
924,Content trust in Azure Container Registry,"Microsoft. (2019, September 5). Content trust in Azure Container Registry. Retrieved October 16, 2019.",https://docs.microsoft.com/en-us/azure/container-registry/container-registry-content-trust
925,Content trust in Docker,"Docker. (2019, October 10). Content trust in Docker. Retrieved October 16, 2019.",https://docs.docker.com/engine/security/trust/content_trust/
773,Corio 2008,"Corio, C., & Sayana, D. P. (2008, June). Application Lockdown with Software Restriction Policies. Retrieved November 18, 2014.",http://technet.microsoft.com/en-us/magazine/2008.06.srp.aspx
1320,CyberArk Labs Safe Mode 2016,"Naim, D.. (2016, September 15). CyberArk Labs: From Safe Mode to Domain Compromise. Retrieved June 23, 2021.",https://www.cyberark.com/resources/blog/cyberark-labs-from-safe-mode-to-domain-compromise
777,Cybereason Dissecting DGAs,"Sternfeld, U. (2016). Dissecting Domain Generation Algorithms: Eight Real World DGA Variants. Retrieved February 18, 2019.",http://go.cybereason.com/rs/996-YZT-709/images/Cybereason-Lab-Analysis-Dissecting-DGAs-Eight-Real-World-DGA-Variants.pdf
1276,Docker Daemon Socket Protect,"Docker. (n.d.). Protect the Docker Daemon Socket. Retrieved March 29, 2021.",https://docs.docker.com/engine/security/protect-access/
1256,Dormann Dangers of VHD 2019,"Dormann, W. (2019, September 4). The Dangers of VHD and VHDX Files. Retrieved March 16, 2021.",https://insights.sei.cmu.edu/cert/2019/09/the-dangers-of-vhd-and-vhdx-files.html
580,ESET LoJax Sept 2018,"ESET. (2018, September). LOJAX First UEFI rootkit found in the wild, courtesy of the Sednit group. Retrieved July 2, 2019.",https://www.welivesecurity.com/wp-content/uploads/2018/09/ESET-LoJax.pdf
806,Enigma Reviving DDE Jan 2018,"Nelson, M. (2018, January 29). Reviving DDE: Using OneNote and Excel for Code Execution. Retrieved February 3, 2018.",https://posts.specterops.io/reviving-dde-using-onenote-and-excel-for-code-execution-d7226864caee
923,Evilginx 2 July 2018,"Gretzky, K.. (2018, July 26). Evilginx 2 - Next Generation of Phishing 2FA Tokens. Retrieved October 14, 2019.",https://breakdev.org/evilginx-2-next-generation-of-phishing-2fa-tokens/
945,Executable Installers are Vulnerable,"Stefan Kanthak. (2015, December 8). Executable installers are vulnerable^WEVIL (case 7): 7z*.exe allows remote code execution with escalation of privilege. Retrieved December 4, 2014.",https://seclists.org/fulldisclosure/2015/Dec/34
929,Expel IO Evil in AWS,"A. Randazzo, B. Manahan and S. Lipton. (2020, April 28). Finding Evil in AWS. Retrieved June 25, 2020.",https://expel.io/blog/finding-evil-in-aws/
1169,FireEye ADFS,"Bierstock, D., Baker, A. (2019, March 21). I am AD FS and So Can You. Retrieved December 17, 2020.",https://www.troopers.de/troopers19/agenda/fpxwmn/
1278,FireEye DLL Side-Loading,"Amanda Steward. (2014). FireEye DLL Side-Loading: A Thorn in the Side of the Anti-Virus Industry. Retrieved March 13, 2020.",https://www.fireeye.com/content/dam/fireeye-www/global/en/current-threats/pdfs/rpt-dll-sideloading.pdf
531,FireEye WMI 2015,"Ballenthin, W., et al. (2015). Windows Management Instrumentation (WMI) Offense, Defense, and Forensics. Retrieved March 30, 2016.",https://www.fireeye.com/content/dam/fireeye-www/global/en/current-threats/pdfs/wp-windows-management-instrumentation.pdf
841,GitHub Bloodhound,"Robbins, A., Vazarkar, R., and Schroeder, W. (2016, April 17). Bloodhound: Six Degrees of Domain Admin. Retrieved March 5, 2019.",https://github.com/BloodHoundAD/BloodHound
803,GitHub Disable DDEAUTO Oct 2017,"Dormann, W. (2017, October 20). Disable DDEAUTO for Outlook, Word, OneNote, and Excel versions 2010, 2013, 2016. Retrieved February 3, 2018.",https://gist.github.com/wdormann/732bb88d9b5dd5a66c9f1e1498f31a1b
814,GitHub IAD Secure Host Baseline UAC Filtering,"NSA IAD. (2017, January 24). MS Security Guide. Retrieved December 18, 2017.",https://github.com/iadgov/Secure-Host-Baseline/blob/master/Windows/Group%20Policy%20Templates/en-US/SecGuide.adml
765,GitHub SHB Credential Guard,"NSA IAD. (2017, April 20). Secure Host Baseline - Credential Guard. Retrieved April 25, 2017.",https://github.com/iadgov/Secure-Host-Baseline/tree/master/Credential%20Guard
514,Github UACMe,"UACME Project. (2016, June 16). UACMe. Retrieved July 26, 2016.",https://github.com/hfiref0x/UACME
913,Google Cloud Encryption Key Rotation,"Google. (n.d.). Key rotation. Retrieved October 18, 2019.",https://cloud.google.com/kms/docs/key-rotation
749,Graeber 2014,"Graeber, M. (2014, October). Analysis of Malicious Security Support Provider DLLs. Retrieved March 1, 2017.",http://docplayer.net/20839173-Analysis-of-malicious-security-support-provider-dlls.html
648,Harmj0y Domain Trusts,"Schroeder, W. (2017, October 30). A Guide to Attacking Domain Trusts. Retrieved February 14, 2019.",http://www.harmj0y.net/blog/redteaming/a-guide-to-attacking-domain-trusts/
1332,HowToGeek ShowExtension,"Chris Hoffman. (2017, March 8). How to Make Windows Show File Extensions. Retrieved August 4, 2021.",https://www.howtogeek.com/205086/beginner-how-to-make-windows-show-file-extensions/
1325,ITSyndicate Disabling PHP functions,"Kondratiev, A. (n.d.). Disabling dangerous PHP functions. Retrieved July 26, 2021.",https://itsyndicate.org/blog/disabling-dangerous-php-functions/
933,Increasing Linux kernel integrity,"Boelen, M. (2015, October 7). Increase kernel integrity with disabled Linux kernel modules loading. Retrieved June 4, 2020.",https://linux-audit.com/increase-kernel-integrity-with-disabled-linux-kernel-modules-loading/
828,InsiderThreat NTFS EA Oct 2017,"Sander, J. (2017, October 12). Attack Step 3: Persistence with NTFS Extended Attributes – File System Attacks. Retrieved March 21, 2018.",https://blog.stealthbits.com/attack-step-3-persistence-ntfs-extended-attributes-file-system-attacks
928,Intel Hardware-based Security Technologies,"Intel. (2013). Intel Hardware-based Security Technologies for Intelligent Retail Devices. Retrieved May 19, 2020.",https://www.intel.com/content/dam/www/public/us/en/documents/white-papers/security-technologies-4th-gen-core-retail-paper.pdf
1125,Juniper DAI 2020,"Juniper. (2020, September 23). Understanding and Using Dynamic ARP Inspection (DAI). Retrieved October 15, 2020.",https://www.juniper.net/documentation/en_US/junos/topics/task/configuration/understanding-and-using-dai.html
932,Kernel Self Protection Project,"Kernel.org. (2020, February 6). Kernel Self-Protection. Retrieved June 4, 2020.",https://www.kernel.org/doc/html/latest/security/self-protection.html
835,Kernel.org Restrict Kernel Module,"Vander Stoep, J. (2016, April 5). [v3] selinux: restrict kernel module loadinglogin  register. Retrieved April 9, 2018.",https://patchwork.kernel.org/patch/8754821/
927,Kifarunix - Task Scheduling in Linux,"Koromicha. (2019, September 7). Scheduling tasks using at command in Linux. Retrieved December 3, 2019.",https://kifarunix.com/scheduling-tasks-using-at-command-in-linux/
1277,Kubernetes API Control Access,"The Kubernetes Authors. (n.d.). Controlling Access to The Kubernetes API. Retrieved March 29, 2021.",https://kubernetes.io/docs/concepts/security/controlling-access/
934,LKM loading kernel restrictions,"Pingios, A.. (2018, February 7). LKM loading kernel restrictions. Retrieved June 4, 2020.",https://xorl.wordpress.com/2018/02/17/lkm-loading-kernel-restrictions/
826,MRWLabs Office Persistence Add-ins,"Knowles, W. (2017, April 21). Add-In Opportunities for Office Persistence. Retrieved July 3, 2017.",https://labs.mwrinfosecurity.com/blog/add-in-opportunities-for-office-persistence/
963,MS14-025,"Microsoft. (2014, May 13). MS14-025: Vulnerability in Group Policy Preferences could allow elevation of privilege. Retrieved February 17, 2020.",https://support.microsoft.com/en-us/help/2962486/ms14-025-vulnerability-in-group-policy-preferences-could-allow-elevati
1201,Mandiant Defend UNC2452 White Paper,"Mandiant. (2021, January 19). Remediation and Hardening Strategies for Microsoft 365 to Defend Against UNC2452. Retrieved January 22, 2021.",https://www.fireeye.com/content/dam/collateral/en/wp-m-unc2452.pdf
922,Mandiant M-Trends 2020,"Mandiant. (2020, February). M-Trends 2020. Retrieved April 24, 2020.",https://content.fireeye.com/m-trends/rpt-m-trends-2020
632,Metcalf 2015,"Metcalf, S. (2015, January 19). Attackers Can Now Use Mimikatz to Implant Skeleton Key on Domain Controllers & BackDoor Your Active Directory Forest. Retrieved February 3, 2015.",http://adsecurity.org/?p=1275
804,Microsoft ADV170021 Dec 2017,"Microsoft. (2017, December 12). ADV170021 - Microsoft Office Defense in Depth Update. Retrieved February 3, 2018.",https://portal.msrc.microsoft.com/security-guidance/advisory/ADV170021
827,Microsoft AMSI June 2015,"Microsoft. (2015, June 9). Windows 10 to offer application developers new malware defenses. Retrieved February 12, 2018.",https://cloudblogs.microsoft.com/microsoftsecure/2015/06/09/windows-10-to-offer-application-developers-new-malware-defenses/?source=mmpc
805,Microsoft ASR Nov 2017,"Brower, N. & D'Souza-Wiltshire, I. (2017, November 9). Enable Attack surface reduction. Retrieved February 3, 2018.",https://docs.microsoft.com/windows/threat-protection/windows-defender-exploit-guard/enable-attack-surface-reduction
1167,Microsoft AlwaysInstallElevated 2018,"Microsoft. (2018, May 31). AlwaysInstallElevated. Retrieved December 14, 2020.",https://docs.microsoft.com/en-us/windows/win32/msi/alwaysinstallelevated
1242,Microsoft Anti Spoofing,"Microsoft. (2020, October 13). Anti-spoofing protection in EOP. Retrieved October 19, 2020.",https://docs.microsoft.com/en-us/microsoft-365/security/office-365-security/anti-spoofing-protection?view=o365-worldwide
949,Microsoft Application Lockdown,"Corio, C., & Sayana, D. P.. (2008, June). Application Lockdown with Software Restriction Policies. Retrieved November 18, 2014.",https://docs.microsoft.com/en-us/previous-versions/technet-magazine/cc510322(v=msdn.10)?redirectedfrom=MSDN
890,Microsoft Azure AD Admin Consent,"Baldwin, M., Flores, J., Kess, B.. (2018, June 17). Five steps to securing your identity infrastructure. Retrieved October 4, 2019.",https://docs.microsoft.com/en-us/azure/security/fundamentals/steps-secure-identity#block-end-user-consent
910,"Microsoft Azure Storage Security, 2019","Amlekar, M., Brooks, C., Claman, L., et. al.. (2019, March 20). Azure Storage security guide. Retrieved October 4, 2019.",https://docs.microsoft.com/en-us/azure/storage/common/storage-security-guide
1317,Microsoft BEC Campaign,"Carr, N., Sellmer, S. (2021, June 14). Behind the scenes of business email compromise: Using cross-domain threat data to disrupt a large BEC campaign. Retrieved June 15, 2021.",https://www.microsoft.com/security/blog/2021/06/14/behind-the-scenes-of-business-email-compromise-using-cross-domain-threat-data-to-disrupt-a-large-bec-infrastructure/
751,Microsoft BITS,"Microsoft. (n.d.). Background Intelligent Transfer Service. Retrieved January 12, 2018.",https://msdn.microsoft.com/library/windows/desktop/bb968799.aspx
812,Microsoft COM ACL,"Microsoft. (n.d.). DCOM Security Enhancements in Windows XP Service Pack 2 and Windows Server 2003 Service Pack 1. Retrieved November 22, 2017.",https://docs.microsoft.com/en-us/windows/desktop/com/dcom-security-enhancements-in-windows-xp-service-pack-2-and-windows-server-2003-service-pack-1
750,Microsoft Configure LSA,"Microsoft. (2013, July 31). Configuring Additional LSA Protection. Retrieved June 24, 2015.",https://technet.microsoft.com/en-us/library/dn408187.aspx
742,Microsoft Create Token,"Brower, N., Lich, B. (2017, April 19). Create a token object. Retrieved December 19, 2017.",https://docs.microsoft.com/windows/device-security/security-policy-settings/create-a-token-object
823,Microsoft CreateProcess,"Microsoft. (n.d.). CreateProcess function. Retrieved December 5, 2014.",http://msdn.microsoft.com/en-us/library/ms682425
861,Microsoft Credential Guard April 2017,"Lich, B., Tobin, J. (2017, April 5). How Windows Defender Credential Guard works. Retrieved November 27, 2017.",https://docs.microsoft.com/windows/access-protection/credential-guard/credential-guard-how-it-works
801,Microsoft DDE Advisory Nov 2017,"Microsoft. (2017, November 8). Microsoft Security Advisory 4053440 - Securely opening Microsoft Office documents that contain Dynamic Data Exchange (DDE) fields. Retrieved November 21, 2017.",https://technet.microsoft.com/library/security/4053440
829,Microsoft DLL Security,"Microsoft. (n.d.). Dynamic-Link Library Security. Retrieved November 27, 2017.",https://msdn.microsoft.com/library/windows/desktop/ff919712.aspx
759,Microsoft Disable Autorun,"Microsoft. (n.d.). How to disable the Autorun functionality in Windows. Retrieved April 20, 2016.",https://support.microsoft.com/en-us/kb/967715
813,Microsoft Disable DCOM,"Microsoft. (n.d.). Enable or Disable DCOM. Retrieved November 22, 2017.",https://technet.microsoft.com/library/cc771387.aspx
843,Microsoft Disable Macros,"Microsoft. (n.d.). Enable or disable macros in Office files. Retrieved September 13, 2018.",https://support.office.com/article/enable-or-disable-macros-in-office-files-12b036fd-d140-4e74-b45e-16fed1a7e5c6
851,Microsoft Disable NTLM Nov 2012,"Microsoft. (2012, November 29). Using security policies to restrict NTLM traffic. Retrieved December 4, 2017.",https://technet.microsoft.com/library/jj865668.aspx
1114,Microsoft Disable VBA Jan 2020,"Microsoft. (2020, January 23). How to turn off Visual Basic for Applications when you deploy Office. Retrieved September 17, 2020.",https://docs.microsoft.com/en-us/previous-versions/office/troubleshoot/office-developer/turn-off-visual-basic-for-application
1257,Microsoft Driver Block Rules,"Microsoft. (2020, October 15). Microsoft recommended driver block rules. Retrieved March 16, 2021.",https://docs.microsoft.com/en-us/windows/security/threat-protection/windows-defender-application-control/microsoft-recommended-driver-block-rules
952,Microsoft Dynamic Link Library Search Order,"Microsoft. (2018, May 31). Dynamic-Link Library Search Order. Retrieved November 30, 2014.",https://docs.microsoft.com/en-us/windows/win32/dlls/dynamic-link-library-search-order?redirectedfrom=MSDN
946,Microsoft Dynamic-Link Library Security,"Microsoft. (n.d.). Dynamic-Link Library Security. Retrieved July 25, 2016.",https://docs.microsoft.com/en-us/windows/win32/dlls/dynamic-link-library-security?redirectedfrom=MSDN
839,Microsoft ETW May 2018,"Microsoft. (2018, May 30). Event Tracing. Retrieved September 6, 2018.",https://docs.microsoft.com/windows/desktop/etw/event-tracing-portal
860,Microsoft Enable Cred Guard April 2017,"Lich, B., Tobin, J., Hall, J. (2017, April 5). Manage Windows Defender Credential Guard. Retrieved November 27, 2017.",https://docs.microsoft.com/windows/access-protection/credential-guard/credential-guard-manage
854,Microsoft GPO Bluetooth FEB 2009,"Microsoft. (2009, February 9). Disabling Bluetooth and Infrared Beaming. Retrieved July 26, 2018.",https://technet.microsoft.com/library/dd252791.aspx
858,Microsoft GPO Security Filtering,"Microsoft. (2018, May 30). Filtering the Scope of a GPO. Retrieved March 13, 2019.",https://docs.microsoft.com/en-us/previous-versions/windows/desktop/Policy/filtering-the-scope-of-a-gpo
1316,Microsoft Get-InboxRule,"Microsoft. (n.d.). Get-InboxRule. Retrieved June 10, 2021.",https://docs.microsoft.com/en-us/powershell/module/exchange/get-inboxrule?view=exchange-ps
1314,Microsoft ISAPICGIRestriction 2016,"Microsoft. (2016, September 26). ISAPI/CGI Restrictions <isapiCgiRestriction>. Retrieved June 3, 2021.",https://docs.microsoft.com/en-us/iis/configuration/system.webserver/security/isapicgirestriction/
818,Microsoft Install Password Filter n.d,"Microsoft. (n.d.). Installing and Registering a Password Filter DLL. Retrieved November 21, 2017.",https://msdn.microsoft.com/library/windows/desktop/ms721766.aspx
850,Microsoft LSA,"Microsoft. (2013, July 31). Configuring Additional LSA Protection. Retrieved February 13, 2015.",https://technet.microsoft.com/en-us/library/dn408187.aspx
830,Microsoft LSA Protection Mar 2014,"Microsoft. (2014, March 12). Configuring Additional LSA Protection. Retrieved November 27, 2017.",https://technet.microsoft.com/library/dn408187.aspx
766,Microsoft MS14-025,"Microsoft. (2014, May 13). MS14-025: Vulnerability in Group Policy Preferences could allow elevation of privilege. Retrieved January 28, 2015.",http://support.microsoft.com/kb/2962486
951,Microsoft More information about DLL,"Microsoft. (2010, August 12). More information about the DLL Preloading remote attack vector. Retrieved December 5, 2014.",https://msrc-blog.microsoft.com/2010/08/23/more-information-about-the-dll-preloading-remote-attack-vector/
790,Microsoft Netdom Trust Sept 2012,"Microsoft. (2012, September 11). Command-Line Reference - Netdom Trust. Retrieved November 30, 2017.",https://technet.microsoft.com/library/cc835085.aspx
1166,Microsoft Network access Credential Manager,"Microsoft. (2016, August 31). Network access: Do not allow storage of passwords and credentials for network authentication. Retrieved November 23, 2020.",https://docs.microsoft.com/en-us/previous-versions/windows/it-pro/windows-server-2012-R2-and-2012/jj852185(v=ws.11)?redirectedfrom=MSDN
1099,Microsoft Preauthentication Jul 2012,"Microsoft. (2012, July 18). Preauthentication. Retrieved August 24, 2020.",https://docs.microsoft.com/en-us/previous-versions/windows/it-pro/windows-2000-server/cc961961(v=technet.10)?redirectedfrom=MSDN
1034,Microsoft Preventing SMB,"Microsoft. (2020, March 10). Preventing SMB traffic from lateral connections and entering or leaving the network. Retrieved June 1, 2020.",https://support.microsoft.com/en-us/help/3185535/preventing-smb-traffic-from-lateral-connections
810,Microsoft Process Wide Com Keys,"Microsoft. (n.d.). Setting Process-Wide Security Through the Registry. Retrieved November 21, 2017.",https://msdn.microsoft.com/en-us/library/windows/desktop/ms687317(v=vs.85).aspx
849,Microsoft Protected Users Security Group,"Microsoft. (2016, October 12). Protected Users Security Group. Retrieved May 29, 2020.",https://docs.microsoft.com/en-us/windows-server/security/credentials-protection-and-management/protected-users-security-group
807,Microsoft Protected View,"Microsoft. (n.d.). What is Protected View?. Retrieved November 22, 2017.",https://support.office.com/en-us/article/What-is-Protected-View-d6f09ac7-e6b9-4495-8e43-2bbcdbcb6653
954,Microsoft Remote Use of Local,"Margosis, A.. (2018, December 10). Remote Use of Local Accounts: LAPS Changes Everything. Retrieved March 13, 2020.",https://blogs.technet.microsoft.com/secguide/2018/12/10/remote-use-of-local-accounts-laps-changes-everything/
743,Microsoft Replace Process Token,"Brower, N., Lich, B. (2017, April 19). Replace a process level token. Retrieved December 19, 2017.",https://docs.microsoft.com/windows/device-security/security-policy-settings/replace-a-process-level-token
848,Microsoft Replication ACL,"Microsoft. (n.d.). How to grant the ""Replicating Directory Changes"" permission for the Microsoft Metadirectory Services ADMA service account. Retrieved December 4, 2017.",https://support.microsoft.com/help/303972/how-to-grant-the-replicating-directory-changes-permission-for-the-micr
789,Microsoft SID Filtering Quarantining Jan 2009,"Microsoft. (n.d.). Configuring SID Filter Quarantining on External Trusts. Retrieved November 30, 2017.",https://technet.microsoft.com/library/cc794757.aspx
833,Microsoft SMB Packet Signing,"Microsoft. (2008, September 10). Using SMB Packet Signing. Retrieved February 7, 2019.",https://docs.microsoft.com/en-us/previous-versions/system-center/operations-manager-2005/cc180803(v=technet.10)
763,Microsoft Securing Privileged Access,"Plett, C., Poggemeyer, L. (12, October 26). Securing Privileged Access Reference Material. Retrieved April 25, 2017.",https://docs.microsoft.com/en-us/windows-server/identity/securing-privileged-access/securing-privileged-access-reference-material#a-nameesaebmaesae-administrative-forest-design-approach
1170,Microsoft SolarWinds Customer Guidance,"MSRC. (2020, December 13). Customer Guidance on Recent Nation-State Cyber Attacks. Retrieved December 17, 2020.",https://msrc-blog.microsoft.com/2020/12/13/customer-guidance-on-recent-nation-state-cyber-attacks/
953,Microsoft Sxstrace,"Gerend, J. et al.. (2017, October 16). sxstrace. Retrieved April 26, 2021.",https://docs.microsoft.com/windows-server/administration/windows-commands/sxstrace
811,Microsoft System Wide Com Keys,"Microsoft. (n.d.). Registry Values for System-Wide Security. Retrieved November 21, 2017.",https://msdn.microsoft.com/en-us/library/windows/desktop/ms694331(v=vs.85).aspx
1297,Microsoft TESTSIGNING Feb 2021,"Microsoft. (2021, February 15). Enable Loading of Test Signed Drivers. Retrieved April 22, 2021.",https://docs.microsoft.com/en-us/windows-hardware/drivers/install/the-testsigning-boot-configuration-option
908,Microsoft Tim McMichael Exchange Mail Forwarding 2,"McMichael, T.. (2015, June 8). Exchange and Office 365 Mail Forwarding. Retrieved October 8, 2019.",https://blogs.technet.microsoft.com/timmcmic/2015/06/08/exchange-and-office-365-mail-forwarding-2/
788,Microsoft Trust Considerations Nov 2014,"Microsoft. (2014, November 19). Security Considerations for Trusts. Retrieved November 30, 2017.",https://technet.microsoft.com/library/cc755321.aspx
950,Microsoft Using Software Restriction ,"Microsoft. (2012, June 27). Using Software Restriction Policies and AppLocker Policies. Retrieved April 7, 2016.",https://docs.microsoft.com/en-us/previous-versions/windows/it-pro/windows-server-2012-R2-and-2012/ee791851(v=ws.11)?redirectedfrom=MSDN
792,Microsoft W32Time May 2017,"Mathers, B. (2017, May 31). Windows Time Service Tools and Settings. Retrieved March 26, 2018.",https://docs.microsoft.com/windows-server/networking/windows-time-service/windows-time-service-tools-and-settings
930,Microsoft WDAC,"Coulter, D. et al.. (2019, April 9). Microsoft recommended block rules. Retrieved August 12, 2021.",https://docs.microsoft.com/windows/security/threat-protection/windows-defender-application-control/microsoft-recommended-block-rules
852,Microsoft WDigest Mit,"Microsoft. (2014, May 13). Microsoft Security Advisory: Update to improve credentials protection and management. Retrieved June 8, 2020.",https://support.microsoft.com/en-us/help/2871997/microsoft-security-advisory-update-to-improve-credentials-protection-a
857,Microsoft WMI Filters,"Microsoft. (2008, September 11). Fun with WMI Filters in Group Policy. Retrieved March 13, 2019.",https://blogs.technet.microsoft.com/askds/2008/09/11/fun-with-wmi-filters-in-group-policy/
770,Microsoft Windows Defender Application Control,"Gorzelany, A., Hall, J., Poggemeyer, L.. (2019, January 7). Windows Defender Application Control. Retrieved July 16, 2019.",https://docs.microsoft.com/en-us/windows/security/threat-protection/windows-defender-application-control/windows-defender-application-control
744,Microsoft runas,"Microsoft TechNet. (n.d.). Runas. Retrieved April 21, 2017.",https://technet.microsoft.com/en-us/library/bb490994.aspx
1343,Microsoft_rec_block_rules,"Microsoft. (2021, August 23). Retrieved August 16, 2021.",https://docs.microsoft.com/en-us/windows/security/threat-protection/windows-defender-application-control/microsoft-recommended-block-rules
755,NIST 800-63-3,"Grassi, P., et al. (2017, December 1). SP 800-63-3, Digital Identity Guidelines. Retrieved January 16, 2019.",https://pages.nist.gov/800-63-3/sp800-63b.html
772,NSA MS AppLocker,"NSA Information Assurance Directorate. (2014, August). Application Whitelisting Using Microsoft AppLocker. Retrieved March 31, 2016.",https://apps.nsa.gov/iaarchive/library/ia-guidance/tech-briefs/application-whitelisting-using-microsoft-applocker.cfm
781,NSA Spotting,"National Security Agency/Central Security Service Information Assurance Directorate. (2015, August 7). Spotting the Adversary with Windows Event Log Monitoring. Retrieved September 6, 2018.",https://apps.nsa.gov/iaarchive/library/reports/spotting-the-adversary-with-windows-event-log-monitoring.cfm
1324,NSA and ASD Detect and Prevent Web Shells 2020,"NSA and ASD. (2020, April 3). Detect and Prevent Web Shell Malware. Retrieved July 23, 2021.",https://media.defense.gov/2020/Jun/09/2002313081/-1/-1/0/CSI-DETECT-AND-PREVENT-WEB-SHELL-MALWARE-20200422.PDF
865,Netspi PowerShell Execution Policy Bypass,"Sutherland, S. (2014, September 9). 15 Ways to Bypass the PowerShell Execution Policy. Retrieved July 23, 2015.",https://blog.netspi.com/15-ways-to-bypass-the-powershell-execution-policy/
786,OWASP Top 10,"OWASP. (2018, February 23). OWASP Top Ten Project. Retrieved April 3, 2018.",https://www.owasp.org/index.php/Category:OWASP_Top_Ten_Project
638,Palo Alto Office Test Sofacy,"Falcone, R. (2016, July 20). Technical Walkthrough: Office Test Persistence Method Used In Recent Sofacy Attacks. Retrieved July 3, 2017.",https://researchcenter.paloaltonetworks.com/2016/07/unit42-technical-walkthrough-office-test-persistence-method-used-in-recent-sofacy-attacks/
940,Pfammatter - Hidden Inbox Rules,"Damian Pfammatter. (2018, September 17). Hidden Inbox Rules in Microsoft Exchange. Retrieved October 12, 2021.",https://blog.compass-security.com/2018/09/hidden-inbox-rules-in-microsoft-exchange/
794,Powersploit,"PowerSploit. (n.d.). Retrieved December 4, 2014.",https://github.com/mattifestation/PowerSploit
822,Re-Open windows on Mac,"Apple. (2016, December 6). Automatically re-open windows, apps, and documents on your Mac. Retrieved July 11, 2017.",https://support.apple.com/en-us/HT204005
780,Ready.gov IT DRP,"Ready.gov. (n.d.). IT Disaster Recovery Plan. Retrieved March 15, 2019.",https://www.ready.gov/business/implementation/IT
919,RedLock Instance Metadata API 2018,"Higashi, Michael. (2018, May 15). Instance Metadata API: A Modern Day Trojan Horse. Retrieved July 16, 2019.",https://redlock.io/blog/instance-metadata-api-a-modern-day-trojan-horse
874,Rhino S3 Ransomware Part 2,"Gietzen, S. (n.d.). S3 Ransomware Part 2: Prevention and Defense. Retrieved April 14, 2021.",https://rhinosecuritylabs.com/aws/s3-ransomware-part-2-prevention-and-defense/
948,SANS Application Whitelisting,"Beechey, J.. (2014, November 18). Application Whitelisting:  Panacea or Propaganda?. Retrieved November 18, 2014.",https://www.sans.org/reading-room/whitepapers/application/application-whitelisting-panacea-propaganda-33599
937,STIG krbtgt reset,"UCF. (n.d.). The password for the krbtgt account on a domain must be reset at least every 180 days. Retrieved November 5, 2020.",https://www.stigviewer.com/stig/windows_server_2016/2019-12-12/finding/V-91779
819,Secure Host Baseline EMET,"National Security Agency. (2016, May 4). Secure Host Baseline EMET. Retrieved June 22, 2016.",https://github.com/iadgov/Secure-Host-Baseline/tree/master/EMET
832,Secure Ideas SMB Relay,"Kuehn, E. (2018, April 11). Ever Run a Relay? Why SMB Relays Should Be On Your Mind. Retrieved February 7, 2019.",https://blog.secureideas.com/2018/04/ever-run-a-relay-why-smb-relays-should-be-on-your-mind.html
926,Secureworks - AT.exe Scheduled Task,"Carvey, H.. (2014, September). Where You AT?: Indicators of Lateral Movement Using at.exe on Windows 7 Systems. Retrieved November 27, 2019.",https://www.secureworks.com/blog/where-you-at-indicators-of-lateral-movement-using-at-exe-on-windows-7-systems
756,Securing bash history,"Mathew Branwell. (2012, March 21). Securing .bash_history file. Retrieved July 8, 2017.",http://www.akyl.net/securing-bashhistory-file-make-sure-your-linux-system-users-won%E2%80%99t-hide-or-delete-their-bashhistory
862,SensePost Outlook Forms,"Stalmans, E. (2017, April 28). Outlook Forms and Shells. Retrieved February 4, 2019.",https://sensepost.com/blog/2017/outlook-forms-and-shells/
863,SensePost Outlook Home Page,"Stalmans, E. (2017, October 11). Outlook Home Page – Another Ruler Vector. Retrieved February 4, 2019.",https://sensepost.com/blog/2017/outlook-home-page-another-ruler-vector/
1331,Seqrite DoubleExtension,"Seqrite. (n.d.). How to avoid dual attack and vulnerable files with double extension?. Retrieved July 27, 2021.",https://www.seqrite.com/blog/how-to-avoid-dual-attack-and-vulnerable-files-with-double-extension/
836,SourceForge rkhunter,"Rootkit Hunter Project. (2018, February 20). The Rootkit Hunter project. Retrieved April 9, 2018.",http://rkhunter.sourceforge.net
859,SpectorOps Code Signing Dec 2017,"Graeber, M. (2017, December 22). Code Signing Certificate Cloning Attacks and Defenses. Retrieved April 3, 2018.",https://posts.specterops.io/code-signing-certificate-cloning-attacks-and-defenses-6f98657fc6ec
1100,Stealthbits Cracking AS-REP Roasting Jun 2019,"Jeff Warren. (2019, June 27). Cracking Active Directory Passwords with AS-REP Roasting. Retrieved August 24, 2020.",https://blog.stealthbits.com/cracking-active-directory-passwords-with-as-rep-roasting/
846,Symantec BITS May 2007,"Florio, E. (2007, May 9). Malware Update with Windows Update. Retrieved January 12, 2018.",https://www.symantec.com/connect/blogs/malware-update-windows-update
787,Symantec SSH and ssh-agent,"Hatch, B. (2004, November 22). SSH and ssh-agent. Retrieved January 8, 2018.",https://www.symantec.com/connect/articles/ssh-and-ssh-agent
752,TCG Trusted Platform Module,"Trusted Computing Group. (2008, April 29). Trusted Platform Module (TPM) Summary. Retrieved June 8, 2016.",http://www.trustedcomputinggroup.org/wp-content/uploads/Trusted-Platform-Module-Summary_04292008.pdf
774,TechNet Applocker vs SRP,"Microsoft. (2012, June 27). Using Software Restriction Policies and AppLocker Policies. Retrieved April 7, 2016.",https://technet.microsoft.com/en-us/library/ee791851.aspx
764,TechNet Credential Guard,"Lich, B. (2016, May 31). Protect derived domain credentials with Credential Guard. Retrieved June 1, 2016.",https://technet.microsoft.com/en-us/itpro/windows/keep-secure/credential-guard
783,TechNet Credential Theft,"Microsoft. (2016, April 15). Attractive Accounts for Credential Theft. Retrieved June 3, 2016.",https://technet.microsoft.com/en-us/library/dn535501.aspx
791,TechNet Firewall Design,"Microsoft. (2004, February 6). Perimeter Firewall Design. Retrieved April 25, 2016.",https://technet.microsoft.com/en-us/library/cc700828.aspx
784,TechNet Least Privilege,"Microsoft. (2016, April 16). Implementing Least-Privilege Administrative Models. Retrieved June 3, 2016.",https://technet.microsoft.com/en-us/library/dn487450.aspx
799,TechNet Moving Beyond EMET,"Nunez, N. (2017, August 9). Moving Beyond EMET II – Windows Defender Exploit Guard. Retrieved March 12, 2018.",https://blogs.technet.microsoft.com/srd/2017/08/09/moving-beyond-emet-ii-windows-defender-exploit-guard/
746,TechNet RDP Gateway,"Microsoft. (n.d.). Overview of Remote Desktop Gateway. Retrieved June 6, 2016.",https://technet.microsoft.com/en-us/library/cc731150.aspx
745,TechNet RDP NLA,"Microsoft. (n.d.). Configure Network Level Authentication for Remote Desktop Services Connections. Retrieved June 6, 2016.",https://technet.microsoft.com/en-us/library/cc732713.aspx
775,TechNet Removable Media Control,"Microsoft. (2007, August 31). https://technet.microsoft.com/en-us/library/cc771759(v=ws.10).aspx. Retrieved April 20, 2016.",https://technet.microsoft.com/en-us/library/cc772540(v=ws.10).aspx
872,TechNet Scheduling Priority,"Microsoft. (2013, May 8). Increase scheduling priority. Retrieved December 18, 2017.",https://technet.microsoft.com/library/dn221960.aspx
809,TechNet Screensaver GP,"Microsoft. (n.d.). Customizing the Desktop. Retrieved December 5, 2017.",https://technet.microsoft.com/library/cc938799.aspx
753,TechNet Secure Boot Process,"Microsoft. (n.d.). Secure the Windows 10 boot process. Retrieved April 23, 2020.",https://docs.microsoft.com/en-us/windows/security/information-protection/secure-the-windows-10-boot-process
873,TechNet Server Operator Scheduled Task,"Microsoft. (2012, November 15). Domain controller: Allow server operators to schedule tasks. Retrieved December 18, 2017.",https://technet.microsoft.com/library/jj852168.aspx
855,TechRepublic Wireless GPO FEB 2009,"Schauland, D. (2009, February 24). Configuring Wireless settings via Group Policy. Retrieved July 26, 2018.",https://www.techrepublic.com/blog/data-center/configuring-wireless-settings-via-group-policy/
754,Technospot Chrome Extensions GP,"Mohta, A. (n.d.). Block Chrome Extensions using Google Chrome Group Policy Settings. Retrieved January 10, 2018.",http://www.technospot.net/blogs/block-chrome-extensions-using-google-chrome-group-policy-settings/
942,Tilbury Windows Credentials,"Chad Tilbury. (2017, August 8). 1Windows Credentials: Attack, Mitigation, Defense. Retrieved February 21, 2020.",https://www.first.org/resources/papers/conf2017/Windows-Credentials-Attacks-and-Mitigation-Techniques.pdf
747,UCF STIG Elevation Account Enumeration,"UCF. (n.d.). The system must require username and password to elevate a running application.. Retrieved December 18, 2017.",https://www.stigviewer.com/stig/microsoft_windows_server_2012_member_server/2013-07-25/finding/WN12-CC-000077
869,UCF STIG Symbolic Links,"UCF. (n.d.). Unauthorized accounts must not have the Create symbolic links user right.. Retrieved December 18, 2017.",https://www.stigviewer.com/stig/windows_server_2008_r2_member_server/2015-06-25/finding/V-26482
20,US-CERT APT Energy Oct 2017,"US-CERT. (2017, October 20). Alert (TA17-293A): Advanced Persistent Threat Activity Targeting Energy and Other Critical Infrastructure Sectors. Retrieved November 2, 2017.",https://www.us-cert.gov/ncas/alerts/TA17-293A
785,US-CERT Alert TA13-175A Risks of Default Passwords on the Internet,"US-CERT. (n.d.). Risks of Default Passwords on the Internet. Retrieved April 12, 2019.",https://www.us-cert.gov/ncas/alerts/TA13-175A
821,US-CERT SMB Security,"US-CERT. (2017, March 16). SMB Security Best Practices. Retrieved December 21, 2017.",https://www.us-cert.gov/ncas/current-activity/2017/01/16/SMB-Security-Best-Practices
1132,US-CERT TA17-156A SNMP Abuse 2017,"US-CERT. (2017, June 5). Reducing the Risk of SNMP Abuse. Retrieved October 19, 2020.",https://us-cert.cisa.gov/ncas/alerts/TA17-156A
1135,US-CERT TA18-106A Network Infrastructure Devices 2018,"US-CERT. (2018, April 20). Russian State-Sponsored Cyber Actors Targeting Network Infrastructure Devices. Retrieved October 19, 2020.",https://us-cert.cisa.gov/ncas/alerts/TA18-106A
1131,US-CERT-TA18-106A,"US-CERT. (2018, April 20). Alert (TA18-106A) Russian State-Sponsored Cyber Actors Targeting Network Infrastructure Devices. Retrieved October 19, 2020.",https://www.us-cert.gov/ncas/alerts/TA18-106A
758,University of Birmingham C2,"Gardiner, J.,  Cova, M., Nagaraja, S. (2014, February). Command & Control Understanding, Denying and Detecting. Retrieved April 20, 2016.",https://arxiv.org/ftp/arxiv/papers/1408/1408.1136.pdf
947,Vulnerability and Exploit Detector,"Kanthak, S.. (2016, July 20). Vulnerability and Exploit Detector. Retrieved February 3, 2017.",https://skanthak.homepage.t-online.de/sentinel.html
856,Wald0 Guide to GPOs,"Robbins, A. (2018, April 2). A Red Teamer’s Guide to GPOs and OUs. Retrieved March 5, 2019.",https://wald0.com/?p=179
931,Wikibooks Grsecurity,"Wikibooks. (2018, August 19). Grsecurity/The RBAC System. Retrieved June 4, 2020.",https://en.wikibooks.org/wiki/Grsecurity/The_RBAC_System
840,Wikipedia 802.1x,"Wikipedia. (2018, March 30). IEEE 802.1X. Retrieved April 11, 2018.",https://en.wikipedia.org/wiki/IEEE_802.1X
800,Wikipedia Control Flow Integrity,"Wikipedia. (2018, January 11). Control-flow integrity. Retrieved March 12, 2018.",https://en.wikipedia.org/wiki/Control-flow_integrity
875,Wikipedia HPKP,"Wikipedia. (2017, February 28). HTTP Public Key Pinning. Retrieved March 31, 2017.",https://en.wikipedia.org/wiki/HTTP_Public_Key_Pinning
1017,Windows Anonymous Enumeration of SAM Accounts,"Microsoft. (2017, April 19). Network access: Do not allow anonymous enumeration of SAM accounts and shares. Retrieved May 20, 2020.",https://docs.microsoft.com/en-us/windows/security/threat-protection/security-policy-settings/network-access-do-not-allow-anonymous-enumeration-of-sam-accounts-and-shares
797,Windows Blogs Microsoft Edge Sandbox,"Cowan, C. (2017, March 23). Strengthening the Microsoft Edge Sandbox. Retrieved March 12, 2018.",https://blogs.windows.com/msedgedev/2017/03/23/strengthening-microsoft-edge-sandbox/
771,Windows Commands JPCERT,"Tomonaga, S. (2016, January 26). Windows Commands Abused by Attackers. Retrieved February 2, 2016.",https://blogs.jpcert.or.jp/en/2016/01/windows-commands-abused-by-attackers.html
816,Windows RDP Sessions,"Microsoft. (n.d.). Configure Timeout and Reconnection Settings for Remote Desktop Services Sessions. Retrieved December 11, 2017.",https://technet.microsoft.com/en-us/library/cc754272(v=ws.11).aspx
748,applescript signing,"Steven Sande. (2013, December 23). AppleScript and Automator gain new features in OS X Mavericks. Retrieved September 21, 2018.",https://www.engadget.com/2013/10/23/applescript-and-automator-gain-new-features-in-os-x-mavericks/
831,byt3bl33d3r NTLM Relaying,"Salvati, M. (2017, June 2). Practical guide to NTLM Relaying in 2017 (A.K.A getting a foothold in under 5 minutes). Retrieved February 7, 2019.",https://byt3bl33d3r.github.io/practical-guide-to-ntlm-relaying-in-2017-aka-getting-a-foothold-in-under-5-minutes.html
964,def_ev_win_event_logging,"Chandel, R. (2021, April 22). Defense Evasion: Windows Event Logging (T1562.002). Retrieved September 14, 2021.",https://www.hackingarticles.in/defense-evasion-windows-event-logging-t1562-002/
866,win10_asr,"Microsoft. (2021, July 2). Use attack surface reduction rules to prevent malware infection. Retrieved June 24, 2021.",https://docs.microsoft.com/microsoft-365/security/defender-endpoint/attack-surface-reduction
943,win_xml_evt_log,"Forensics Wiki. (2021, June 19). Windows XML Event Log (EVTX). Retrieved September 13, 2021.",https://forensicswiki.xyz/wiki/index.php?title=Windows_XML_Event_Log_(EVTX)
0,PurpleSec Data Loss Prevention,"Michael Swanagan. (2020, October 24). 7 Data Loss Prevention Best Practices & Strategies. Retrieved August 30, 2021.",https://purplesec.us/data-loss-prevention/
