,source ID,source name,source type,mapping type,target ID,target name,target type,mapping description
3979,G0099,APT-C-36,group,uses,S0434,Imminent Monitor,software,(Citation: QiAnXin APT-C-36 Feb2019)
1310,G0006,APT1,group,uses,S0017,BISCUIT,software,(Citation: Mandiant APT1)
31,G0006,APT1,group,uses,S0025,CALENDAR,software,(Citation: Mandiant APT1)
2082,G0006,APT1,group,uses,S0119,Cachedump,software,(Citation: Mandiant APT1)
169,G0006,APT1,group,uses,S0026,GLOOXMAIL,software,(Citation: Mandiant APT1)
1063,G0006,APT1,group,uses,S0121,Lslsass,software,(Citation: Mandiant APT1)
299,G0006,APT1,group,uses,S0002,Mimikatz,software,(Citation: Mandiant APT1)
1585,G0006,APT1,group,uses,S0039,Net,software,(Citation: Mandiant APT1)
1997,G0006,APT1,group,uses,S0122,Pass-The-Hash Toolkit,software,(Citation: Mandiant APT1)
2593,G0006,APT1,group,uses,S0012,PoisonIvy,software,(Citation: Mandiant APT1)
1758,G0006,APT1,group,uses,S0029,PsExec,software,(Citation: Mandiant APT1)
2698,G0006,APT1,group,uses,S0345,Seasalt,software,(Citation: Mandiant APT1 Appendix)(Citation: McAfee Oceansalt Oct 2018)
191,G0006,APT1,group,uses,S0057,Tasklist,software,(Citation: Mandiant APT1)
2385,G0006,APT1,group,uses,S0109,WEBC2,software,(Citation: Mandiant APT1)
1495,G0006,APT1,group,uses,S0008,gsecdump,software,(Citation: Mandiant APT1)
198,G0006,APT1,group,uses,S0100,ipconfig,software,(Citation: Mandiant APT1)
79,G0006,APT1,group,uses,S0006,pwdump,software,(Citation: Mandiant APT1)
2442,G0006,APT1,group,uses,S0123,xCmd,software,(Citation: Mandiant APT1 Appendix)
3358,G0005,APT12,group,uses,S0040,HTRAN,software,(Citation: Trend Micro IXESHE 2012)
32,G0005,APT12,group,uses,S0015,Ixeshe,software,(Citation: Moran 2013)(Citation: Moran 2014)
314,G0005,APT12,group,uses,S0003,RIPTIDE,software,(Citation: Moran 2014)
35,G0023,APT16,group,uses,S0064,ELMER,software,(Citation: FireEye EPS Awakens Part 2)
828,G0025,APT17,group,uses,S0069,BLACKCOFFEE,software,(Citation: FireEye APT17)
14,G0026,APT18,group,uses,S0070,HTTPBrowser,software,(Citation: RSA2017 Detect and Respond Adair)
787,G0026,APT18,group,uses,S0124,Pisloader,software,(Citation: Palo Alto DNS Requests)
86,G0026,APT18,group,uses,S0106,cmd,software,(Citation: Dell Lateral Movement)
1497,G0026,APT18,group,uses,S0032,gh0st RAT,software,(Citation: RSA2017 Detect and Respond Adair)
2711,G0026,APT18,group,uses,S0071,hcdLoader,software,(Citation: Dell Lateral Movement)(Citation: ThreatStream Evasion Analysis)
5335,G0073,APT19,group,uses,S0154,Cobalt Strike,software,(Citation: FireEye APT19)
2949,G0073,APT19,group,uses,S0363,Empire,software,(Citation: NCSC Joint Report Public Tools)
637,G0007,APT28,group,uses,S0045,ADVSTORESHELL,software,(Citation: Kaspersky Sofacy)(Citation: Securelist Sofacy Feb 2018)
2382,G0007,APT28,group,uses,S0023,CHOPSTICK,software,(Citation: FireEye APT28)(Citation: Kaspersky Sofacy)(Citation: Securelist Sofacy Feb 2018)
2195,G0007,APT28,group,uses,S0137,CORESHELL,software,(Citation: FireEye APT28)
2243,G0007,APT28,group,uses,S0351,Cannon,software,(Citation: Unit42 Cannon Nov 2018)(Citation: Unit42 Sofacy Dec 2018)
276,G0007,APT28,group,uses,S0243,DealersChoice,software,(Citation: Sofacy DealersChoice)
3566,G0007,APT28,group,uses,S0134,Downdelph,software,(Citation: ESET Sednit Part 3)
5062,G0007,APT28,group,uses,S0502,Drovorub,software,(Citation: NSA/FBI Drovorub August 2020)
1865,G0007,APT28,group,uses,S0193,Forfiles,software,(Citation: Überwachung APT28 Forfiles June 2015)
3612,G0007,APT28,group,uses,S0410,Fysbis,software,(Citation: Fysbis Palo Alto Analysis)
9,G0007,APT28,group,uses,S0135,HIDEDRV,software,(Citation: ESET Sednit Part 3)
105,G0007,APT28,group,uses,S0044,JHUHUGIT,software,(Citation: FireEye APT28 January 2017)(Citation: Kaspersky Sofacy)(Citation: Securelist Sofacy Feb 2018)(Citation: US District Court Indictment GRU Oct 2018)
1605,G0007,APT28,group,uses,S0250,Koadic,software,(Citation: Palo Alto Sofacy 06-2018)
2386,G0007,APT28,group,uses,S0162,Komplex,software,(Citation: XAgentOSX 2017)(Citation: Sofacy Komplex Trojan)
3506,G0007,APT28,group,uses,S0397,LoJax,software,(Citation: ESET LoJax Sept 2018)
25,G0007,APT28,group,uses,S0002,Mimikatz,software,(Citation: Kaspersky Sofacy)
6756,G0007,APT28,group,uses,S0039,Net,software,(Citation: Cybersecurity Advisory GRU Brute Force Campaign July 2021)
914,G0007,APT28,group,uses,S0138,OLDBAIT,software,(Citation: FireEye APT28)
39,G0007,APT28,group,uses,S0174,Responder,software,(Citation: FireEye APT28 Hospitality Aug 2017)(Citation: US District Court Indictment GRU Oct 2018) 
6887,G0007,APT28,group,uses,S0183,Tor,software,(Citation: Cybersecurity Advisory GRU Brute Force Campaign July 2021)
1,G0007,APT28,group,uses,S0136,USBStealer,software,(Citation: ESET Sednit Part 3)
6984,G0007,APT28,group,uses,S0645,Wevtutil,software,(Citation: Crowdstrike DNC June 2016)
1502,G0007,APT28,group,uses,S0191,Winexe,software,(Citation: Überwachung APT28 Forfiles June 2015)
1024,G0007,APT28,group,uses,S0161,XAgentOSX,software,(Citation: XAgentOSX 2017)(Citation: Symantec APT28 Oct 2018)(Citation: US District Court Indictment GRU Oct 2018)
1483,G0007,APT28,group,uses,S0117,XTunnel,software,(Citation: ESET Sednit Part 3)(Citation: Symantec APT28 Oct 2018)(Citation: US District Court Indictment GRU Oct 2018)
1702,G0007,APT28,group,uses,S0251,Zebrocy,software,(Citation: Palo Alto Sofacy 06-2018)(Citation: Unit42 Cannon Nov 2018)(Citation: Securelist Sofacy Feb 2018)(Citation: Unit42 Sofacy Dec 2018)(Citation: ESET Zebrocy May 2019)
961,G0007,APT28,group,uses,S0160,certutil,software,(Citation: Unit 42 Sofacy Feb 2018)(Citation: Cybersecurity Advisory GRU Brute Force Campaign July 2021)
6429,G0016,APT29,group,uses,S0552,AdFind,software,(Citation: Microsoft Analyzing Solorigate Dec 2020)
6796,G0016,APT29,group,uses,S0635,BoomBox,software,(Citation: MSTIC Nobelium Toolset May 2021)
843,G0016,APT29,group,uses,S0054,CloudDuke,software,(Citation: F-Secure The Dukes)
5345,G0016,APT29,group,uses,S0154,Cobalt Strike,software,(Citation: FireEye APT29 Nov 2018)(Citation: FireEye SUNBURST Backdoor December 2020)(Citation: Cybersecurity Advisory SVR TTP May 2021)(Citation: MSTIC NOBELIUM May 2021)(Citation: MSTIC Nobelium Toolset May 2021)(Citation: SentinelOne NobleBaron June 2021)
1480,G0016,APT29,group,uses,S0050,CosmicDuke,software,(Citation: F-Secure The Dukes)
764,G0016,APT29,group,uses,S0046,CozyCar,software,(Citation: F-Secure The Dukes)
6795,G0016,APT29,group,uses,S0634,EnvyScout,software,(Citation: MSTIC Nobelium Toolset May 2021)
6744,G0016,APT29,group,uses,S0512,FatDuke,software,(Citation: ESET Dukes October 2019)
1221,G0016,APT29,group,uses,S0049,GeminiDuke,software,(Citation: F-Secure The Dukes)
6428,G0016,APT29,group,uses,S0597,GoldFinder,software,(Citation: MSTIC NOBELIUM Mar 2021)(Citation: Cybersecurity Advisory SVR TTP May 2021)(Citation: MSTIC Nobelium Toolset May 2021)
6430,G0016,APT29,group,uses,S0588,GoldMax,software,(Citation: MSTIC NOBELIUM Mar 2021)(Citation: Cybersecurity Advisory SVR TTP May 2021)(Citation: MSTIC NOBELIUM May 2021)(Citation: MSTIC Nobelium Toolset May 2021)
1711,G0016,APT29,group,uses,S0037,HAMMERTOSS,software,(Citation: F-Secure The Dukes)
7204,G0016,APT29,group,uses,S0513,LiteDuke,software,(Citation: ESET Dukes October 2019)
1932,G0016,APT29,group,uses,S0002,Mimikatz,software,(Citation: F-Secure The Dukes)(Citation: Microsoft 365 Defender Solorigate)
1612,G0016,APT29,group,uses,S0051,MiniDuke,software,(Citation: F-Secure The Dukes)(Citation: ESET Dukes October 2019)
7292,G0016,APT29,group,uses,S0637,NativeZone,software,(Citation: SentinelOne NobleBaron June 2021)
5212,G0016,APT29,group,uses,S0039,Net,software,(Citation: CISA SoreFang July 2016)
2065,G0016,APT29,group,uses,S0052,OnionDuke,software,(Citation: F-Secure The Dukes)(Citation: ESET Dukes October 2019)
2052,G0016,APT29,group,uses,S0150,POSHSPY,software,(Citation: FireEye POSHSPY April 2017)
300,G0016,APT29,group,uses,S0048,PinchDuke,software,(Citation: F-Secure The Dukes)
5127,G0016,APT29,group,uses,S0518,PolyglotDuke,software,(Citation: ESET Dukes October 2019)
979,G0016,APT29,group,uses,S0139,PowerDuke,software,(Citation: Volexity PowerDuke November 2016)
2063,G0016,APT29,group,uses,S0029,PsExec,software,(Citation: F-Secure The Dukes)(Citation: ESET Dukes October 2019)
6427,G0016,APT29,group,uses,S0565,Raindrop,software,(Citation: Symantec RAINDROP January 2021)(Citation: MSTIC Nobelium Toolset May 2021)
5137,G0016,APT29,group,uses,S0511,RegDuke,software,(Citation: ESET Dukes October 2019)
1079,G0016,APT29,group,uses,S0195,SDelete,software,(Citation: Mandiant No Easy Breach)
6431,G0016,APT29,group,uses,S0559,SUNBURST,software,(Citation: FireEye SUNBURST Backdoor December 2020)(Citation: MSTIC NOBELIUM May 2021)
6424,G0016,APT29,group,uses,S0562,SUNSPOT,software,(Citation: CrowdStrike SUNSPOT Implant January 2021)(Citation: MSTIC Nobelium Toolset May 2021)
2607,G0016,APT29,group,uses,S0053,SeaDuke,software,(Citation: F-Secure The Dukes)
6425,G0016,APT29,group,uses,S0589,Sibot,software,(Citation: MSTIC NOBELIUM Mar 2021)(Citation: Cybersecurity Advisory SVR TTP May 2021)(Citation: MSTIC Nobelium Toolset May 2021)
6763,G0016,APT29,group,uses,S0633,Sliver,software,(Citation: Cybersecurity Advisory SVR TTP May 2021)
5213,G0016,APT29,group,uses,S0516,SoreFang,software,(Citation: NCSC APT29 July 2020)(Citation: CISA SoreFang July 2016)
5210,G0016,APT29,group,uses,S0096,Systeminfo,software,(Citation: CISA SoreFang July 2016)
6426,G0016,APT29,group,uses,S0560,TEARDROP,software,(Citation: FireEye SUNBURST Backdoor December 2020)(Citation: MSTIC NOBELIUM May 2021)(Citation: MSTIC Nobelium Toolset May 2021)
5209,G0016,APT29,group,uses,S0057,Tasklist,software,(Citation: CISA SoreFang July 2016)
699,G0016,APT29,group,uses,S0183,Tor,software,(Citation: Mandiant No Easy Breach)
6801,G0016,APT29,group,uses,S0636,VaporRage,software,(Citation: MSTIC Nobelium Toolset May 2021)
5189,G0016,APT29,group,uses,S0515,WellMail,software,(Citation: CISA WellMail July 2020)(Citation: NCSC APT29 July 2020)(Citation: Cybersecurity Advisory SVR TTP May 2021)
5188,G0016,APT29,group,uses,S0514,WellMess,software,(Citation: PWC WellMess July 2020)(Citation: PWC WellMess C2 August 2020)(Citation: CISA WellMess July 2020)(Citation: NCSC APT29 July 2020)(Citation: Cybersecurity Advisory SVR TTP May 2021)
5211,G0016,APT29,group,uses,S0100,ipconfig,software,(Citation: CISA SoreFang July 2016)
196,G0016,APT29,group,uses,S0175,meek,software,(Citation: Mandiant No Easy Breach)
2690,G0022,APT3,group,uses,S0349,LaZagne,software,(Citation: Symantec Buckeye)
1646,G0022,APT3,group,uses,S0165,OSInfo,software,(Citation: Symantec Buckeye)
1366,G0022,APT3,group,uses,S0013,PlugX,software,(Citation: FireEye Clandestine Fox Part 2)
0,G0022,APT3,group,uses,S0166,RemoteCMD,software,(Citation: Symantec Buckeye)
2013,G0022,APT3,group,uses,S0063,SHOTPUT,software,(Citation: FireEye Clandestine Wolf)
77,G0022,APT3,group,uses,S0111,schtasks,software,(Citation: FireEye Operation Double Tap)
461,G0013,APT30,group,uses,S0031,BACKSPACE,software,(Citation: FireEye APT30)
1540,G0013,APT30,group,uses,S0036,FLASHFLOOD,software,(Citation: FireEye APT30)
1529,G0013,APT30,group,uses,S0034,NETEAGLE,software,(Citation: FireEye APT30)
10,G0013,APT30,group,uses,S0028,SHIPSHAPE,software,(Citation: FireEye APT30)
2200,G0013,APT30,group,uses,S0035,SPACESHIP,software,(Citation: FireEye APT30)
1771,G0050,APT32,group,uses,S0099,Arp,software,(Citation: Cybereason Cobalt Kitty 2017)
5343,G0050,APT32,group,uses,S0154,Cobalt Strike,software,(Citation: FireEye APT32 May 2017)(Citation: Volexity OceanLotus Nov 2017)(Citation: Cybereason Oceanlotus May 2017)(Citation: Cybereason Cobalt Kitty 2017)(Citation: Volexity Ocean Lotus November 2020)(Citation: Amnesty Intl. Ocean Lotus February 2021)(Citation: Unit 42 KerrDown February 2019)
409,G0050,APT32,group,uses,S0354,Denis,software,(Citation: Cybereason Oceanlotus May 2017)(Citation: Cybereason Cobalt Kitty 2017)
4603,G0050,APT32,group,uses,S0477,Goopy,software,(Citation: Cybereason Cobalt Kitty 2017)
61,G0050,APT32,group,uses,S0156,KOMPROGO,software,(Citation: FireEye APT32 May 2017)
7052,G0050,APT32,group,uses,S0585,Kerrdown,software,(Citation: Amnesty Intl. Ocean Lotus February 2021)(Citation: Unit 42 KerrDown February 2019)
974,G0050,APT32,group,uses,S0002,Mimikatz,software,(Citation: FireEye APT32 May 2017)(Citation: Cybereason Oceanlotus May 2017)(Citation: Cybereason Cobalt Kitty 2017)
1663,G0050,APT32,group,uses,S0039,Net,software,(Citation: Cybereason Cobalt Kitty 2017)
2773,G0050,APT32,group,uses,S0352,OSX_OCEANLOTUS.D,software,(Citation: TrendMicro MacOS April 2018)(Citation: Amnesty Intl. Ocean Lotus February 2021)
1039,G0050,APT32,group,uses,S0158,PHOREAL,software,(Citation: FireEye APT32 May 2017)
909,G0050,APT32,group,uses,S0157,SOUNDBITE,software,(Citation: FireEye APT32 May 2017)
146,G0050,APT32,group,uses,S0155,WINDSHIELD,software,(Citation: FireEye APT32 May 2017)
2705,G0050,APT32,group,uses,S0100,ipconfig,software,(Citation: Cybereason Cobalt Kitty 2017)
2838,G0050,APT32,group,uses,S0108,netsh,software,(Citation: Cybereason Cobalt Kitty 2017)
3031,G0064,APT33,group,uses,S0129,AutoIt backdoor,software,(Citation: Symantec Elfin Mar 2019)
2950,G0064,APT33,group,uses,S0363,Empire,software,(Citation: FireEye APT33 Guardrail)(Citation: Symantec Elfin Mar 2019)
3033,G0064,APT33,group,uses,S0095,FTP,software,(Citation: Symantec Elfin Mar 2019)
3035,G0064,APT33,group,uses,S0349,LaZagne,software,(Citation: Symantec Elfin Mar 2019)
3034,G0064,APT33,group,uses,S0002,Mimikatz,software,(Citation: Symantec Elfin Mar 2019)
233,G0064,APT33,group,uses,S0198,NETWIRE,software,(Citation: FireEye APT33 Sept 2017)(Citation: FireEye APT33 Webinar Sept 2017)
2751,G0064,APT33,group,uses,S0336,NanoCore,software,(Citation: FireEye APT33 Webinar Sept 2017)
3032,G0064,APT33,group,uses,S0039,Net,software,(Citation: Symantec Elfin Mar 2019)
3057,G0064,APT33,group,uses,S0371,POWERTON,software,(Citation: FireEye APT33 Guardrail)(Citation: Microsoft Holmium June 2020)
3197,G0064,APT33,group,uses,S0378,PoshC2,software,(Citation: FireEye APT33 Guardrail)(Citation: Symantec Elfin Mar 2019)
3056,G0064,APT33,group,uses,S0194,PowerSploit,software,(Citation: FireEye APT33 Guardrail)
2958,G0064,APT33,group,uses,S0192,Pupy,software,(Citation: FireEye APT33 Guardrail)
2840,G0064,APT33,group,uses,S0358,Ruler,software,(Citation: FireEye APT33 Guardrail)(Citation: Microsoft Holmium June 2020)
3375,G0064,APT33,group,uses,S0380,StoneDrill,software,(Citation: FireEye APT33 Sept 2017)
2479,G0064,APT33,group,uses,S0199,TURNEDUP,software,(Citation: FireEye APT33 Sept 2017)(Citation: FireEye APT33 Webinar Sept 2017)(Citation: Symantec Elfin Mar 2019)
7186,G0067,APT37,group,uses,S0657,BLUELIGHT,software,(Citation: Volexity InkySquid BLUELIGHT August 2021)
318,G0067,APT37,group,uses,S0212,CORALDECK,software,(Citation: FireEye APT37 Feb 2018)
7177,G0067,APT37,group,uses,S0154,Cobalt Strike,software,(Citation: Volexity InkySquid BLUELIGHT August 2021)
1712,G0067,APT37,group,uses,S0213,DOGCALL,software,(Citation: FireEye APT37 Feb 2018)(Citation: Unit 42 Nokki Oct 2018)
689,G0067,APT37,group,uses,S0355,Final1stspy,software,(Citation: Unit 42 Nokki Oct 2018)
2383,G0067,APT37,group,uses,S0214,HAPPYWORK,software,(Citation: FireEye APT37 Feb 2018)
175,G0067,APT37,group,uses,S0215,KARAE,software,(Citation: FireEye APT37 Feb 2018)
270,G0067,APT37,group,uses,S0247,NavRAT,software,(Citation: Talos NavRAT May 2018)
195,G0067,APT37,group,uses,S0216,POORAIM,software,(Citation: FireEye APT37 Feb 2018)
20,G0067,APT37,group,uses,S0240,ROKRAT,software,(Citation: Talos Group123)(Citation: Securelist ScarCruft May 2019)
1308,G0067,APT37,group,uses,S0217,SHUTTERSPEED,software,(Citation: FireEye APT37 Feb 2018)
908,G0067,APT37,group,uses,S0218,SLOWDRIFT,software,(Citation: FireEye APT37 Feb 2018)
912,G0067,APT37,group,uses,S0219,WINERACK,software,(Citation: FireEye APT37 Feb 2018)
2693,G0082,APT38,group,uses,S0334,DarkComet,software,(Citation: FireEye APT38 Oct 2018)
7133,G0082,APT38,group,uses,S0593,ECCENTRICBANDWAGON,software,(Citation: CISA AA20-239A BeagleBoyz August 2020)
7132,G0082,APT38,group,uses,S0376,HOPLIGHT,software,(Citation: CISA AA20-239A BeagleBoyz August 2020)
7205,G0082,APT38,group,uses,S0607,KillDisk,software,(Citation: ESET Lazarus KillDisk April 2018)
2234,G0082,APT38,group,uses,S0002,Mimikatz,software,(Citation: FireEye APT38 Oct 2018)
1259,G0082,APT38,group,uses,S0039,Net,software,(Citation: FireEye APT38 Oct 2018)
2889,G0087,APT39,group,uses,S0073,ASPXSpy,software,(Citation: FireEye APT39 Jan 2019)
4319,G0087,APT39,group,uses,S0454,Cadelspy,software,(Citation: Symantec Chafer Dec 2015)
4811,G0087,APT39,group,uses,S0488,CrackMapExec,software,(Citation: FireEye APT39 Jan 2019)(Citation: BitDefender Chafer May 2020)
5612,G0087,APT39,group,uses,S0095,FTP,software,(Citation: FBI FLASH APT39 September 2020)
4376,G0087,APT39,group,uses,S0459,MechaFlounder,software,(Citation: Unit 42 MechaFlounder March 2019)
2887,G0087,APT39,group,uses,S0002,Mimikatz,software,(Citation: FireEye APT39 Jan 2019)(Citation: BitDefender Chafer May 2020)(Citation: Dark Reading APT39 JAN 2019)(Citation: Symantec Chafer February 2018)
6212,G0087,APT39,group,uses,S0590,NBTscan,software,(Citation: FireEye APT39 Jan 2019)
2886,G0087,APT39,group,uses,S0029,PsExec,software,(Citation: FireEye APT39 Jan 2019)(Citation: BitDefender Chafer May 2020)(Citation: Symantec Chafer February 2018)
3233,G0087,APT39,group,uses,S0375,Remexi,software,(Citation: Symantec Chafer Dec 2015)(Citation: Securelist Remexi Jan 2019)(Citation: Symantec Chafer February 2018)
2888,G0087,APT39,group,uses,S0005,Windows Credential Editor,software,(Citation: FireEye APT39 Jan 2019)(Citation: Dark Reading APT39 JAN 2019)
4310,G0087,APT39,group,uses,S0006,pwdump,software,(Citation: Symantec Chafer February 2018)
3627,G0096,APT41,group,uses,S0073,ASPXSpy,software,(Citation: FireEye APT41 Aug 2019)
3915,G0096,APT41,group,uses,S0190,BITSAdmin,software,(Citation: FireEye APT41 March 2020)
3617,G0096,APT41,group,uses,S0069,BLACKCOFFEE,software,(Citation: FireEye APT41 Aug 2019)
3618,G0096,APT41,group,uses,S0020,China Chopper,software,(Citation: FireEye APT41 Aug 2019)
5344,G0096,APT41,group,uses,S0154,Cobalt Strike,software,(Citation: FireEye APT41 March 2020)(Citation: Group IB APT 41 June 2021)
3626,G0096,APT41,group,uses,S0021,Derusbi,software,(Citation: FireEye APT41 Aug 2019)
5659,G0096,APT41,group,uses,S0363,Empire,software,(Citation: Crowdstrike GTR2020 Mar 2020)
3912,G0096,APT41,group,uses,S0095,FTP,software,(Citation: FireEye APT41 March 2020)
4123,G0096,APT41,group,uses,S0443,MESSAGETAP,software,(Citation: FireEye MESSAGETAP October 2019)(Citation: Crowdstrike GTR2020 Mar 2020)
3623,G0096,APT41,group,uses,S0002,Mimikatz,software,(Citation: FireEye APT41 Aug 2019)(Citation: Group IB APT 41 June 2021)
3940,G0096,APT41,group,uses,S0039,Net,software,(Citation: FireEye APT41 Aug 2019)
3629,G0096,APT41,group,uses,S0097,Ping,software,(Citation: FireEye APT41 Aug 2019)(Citation: Group IB APT 41 June 2021)
3628,G0096,APT41,group,uses,S0013,PlugX,software,(Citation: FireEye APT41 Aug 2019)
3619,G0096,APT41,group,uses,S0194,PowerSploit,software,(Citation: FireEye APT41 Aug 2019)
3625,G0096,APT41,group,uses,S0112,ROCKBOOT,software,(Citation: FireEye APT41 Aug 2019)
6273,G0096,APT41,group,uses,S0596,ShadowPad,software,(Citation: FireEye APT41 Aug 2019)(Citation: Recorded Future RedEcho Feb 2021)
5658,G0096,APT41,group,uses,S0430,Winnti for Linux,software,(Citation: Crowdstrike GTR2020 Mar 2020)
3637,G0096,APT41,group,uses,S0412,ZxShell,software,(Citation: FireEye APT41 Aug 2019)
3913,G0096,APT41,group,uses,S0160,certutil,software,(Citation: FireEye APT41 March 2020)
3621,G0096,APT41,group,uses,S0032,gh0st RAT,software,(Citation: FireEye APT41 Aug 2019)
6878,G0096,APT41,group,uses,S0100,ipconfig,software,(Citation: Group IB APT 41 June 2021)
3624,G0096,APT41,group,uses,S0104,netstat,software,(Citation: FireEye APT41 Aug 2019)
3620,G0096,APT41,group,uses,S0385,njRAT,software,(Citation: FireEye APT41 Aug 2019)
3622,G0096,APT41,group,uses,S0006,pwdump,software,(Citation: FireEye APT41 Aug 2019)
6420,G0130,Ajax Security Team,group,uses,S0224,Havij,software,(Citation: Check Point Rocket Kitten)
6419,G0130,Ajax Security Team,group,uses,S0225,sqlmap,software,(Citation: Check Point Rocket Kitten)
7130,G0138,Andariel,group,uses,S0433,Rifdoor,software,(Citation: AhnLab Andariel Subgroup of Lazarus June 2018)
7131,G0138,Andariel,group,uses,S0032,gh0st RAT,software,(Citation: AhnLab Andariel Subgroup of Lazarus June 2018)
1545,G0001,Axiom,group,uses,S0021,Derusbi,software,(Citation: Novetta-Axiom)
599,G0001,Axiom,group,uses,S0009,Hikit,software,(Citation: Novetta-Axiom)
80,G0001,Axiom,group,uses,S0203,Hydraq,software,(Citation: Novetta-Axiom)
3646,G0001,Axiom,group,uses,S0412,ZxShell,software,(Citation: Talos ZxShell Oct 2014 )
4483,G0060,BRONZE BUTLER,group,uses,S0469,ABK,software,(Citation: Trend Micro Tick November 2019)
4525,G0060,BRONZE BUTLER,group,uses,S0473,Avenger,software,(Citation: Trend Micro Tick November 2019)
4515,G0060,BRONZE BUTLER,group,uses,S0470,BBK,software,(Citation: Trend Micro Tick November 2019)
76,G0060,BRONZE BUTLER,group,uses,S0187,Daserf,software,(Citation: Trend Micro Daserf Nov 2017)(Citation: Symantec Tick Apr 2016)
864,G0060,BRONZE BUTLER,group,uses,S0002,Mimikatz,software,(Citation: Secureworks BRONZE BUTLER Oct 2017)(Citation: Symantec Tick Apr 2016)(Citation: Trend Micro Tick November 2019)
1719,G0060,BRONZE BUTLER,group,uses,S0039,Net,software,(Citation: Secureworks BRONZE BUTLER Oct 2017)
6275,G0060,BRONZE BUTLER,group,uses,S0596,ShadowPad,software,(Citation: Recorded Future RedEcho Feb 2021)
82,G0060,BRONZE BUTLER,group,uses,S0005,Windows Credential Editor,software,(Citation: Secureworks BRONZE BUTLER Oct 2017)(Citation: Symantec Tick Apr 2016)
1615,G0060,BRONZE BUTLER,group,uses,S0110,at,software,(Citation: Secureworks BRONZE BUTLER Oct 2017)
4514,G0060,BRONZE BUTLER,group,uses,S0471,build_downer,software,(Citation: Trend Micro Tick November 2019)
11,G0060,BRONZE BUTLER,group,uses,S0106,cmd,software,(Citation: Secureworks BRONZE BUTLER Oct 2017)
4513,G0060,BRONZE BUTLER,group,uses,S0472,down_new,software,(Citation: Trend Micro Tick November 2019)
776,G0060,BRONZE BUTLER,group,uses,S0008,gsecdump,software,(Citation: Secureworks BRONZE BUTLER Oct 2017)(Citation: Symantec Tick Apr 2016)
2713,G0060,BRONZE BUTLER,group,uses,S0111,schtasks,software,(Citation: Secureworks BRONZE BUTLER Oct 2017)
6979,G0135,BackdoorDiplomacy,group,uses,S0020,China Chopper,software,(Citation: ESET BackdoorDiplomacy Jun 2021)
6978,G0135,BackdoorDiplomacy,group,uses,S0002,Mimikatz,software,(Citation: ESET BackdoorDiplomacy Jun 2021)
6980,G0135,BackdoorDiplomacy,group,uses,S0590,NBTscan,software,(Citation: ESET BackdoorDiplomacy Jun 2021)
6977,G0135,BackdoorDiplomacy,group,uses,S0262,QuasarRAT,software,(Citation: ESET BackdoorDiplomacy Jun 2021)
7011,G0135,BackdoorDiplomacy,group,uses,S0647,Turian,software,(Citation: ESET BackdoorDiplomacy Jun 2021)
4017,G0098,BlackTech,group,uses,S0437,Kivars,software,(Citation: TrendMicro BlackTech June 2017)
3997,G0098,BlackTech,group,uses,S0435,PLEAD,software,(Citation: TrendMicro BlackTech June 2017)(Citation: JPCert PLEAD Downloader June 2018)(Citation: Trend Micro Waterbear December 2019)
3996,G0098,BlackTech,group,uses,S0436,TSCookie,software,(Citation: JPCert TSCookie March 2018)
6032,G0098,BlackTech,group,uses,S0579,Waterbear,software,(Citation: Trend Micro Waterbear December 2019)
4362,G0108,Blue Mockingbird,group,uses,S0002,Mimikatz,software,(Citation: RedCanary Mockingbird May 2020)
293,G0008,Carbanak,group,uses,S0030,Carbanak,software,(Citation: Kaspersky Carbanak)
87,G0008,Carbanak,group,uses,S0002,Mimikatz,software,(Citation: Kaspersky Carbanak)
1141,G0008,Carbanak,group,uses,S0029,PsExec,software,(Citation: Kaspersky Carbanak)
720,G0008,Carbanak,group,uses,S0108,netsh,software,(Citation: Group-IB Anunak)
5290,G0114,Chimera,group,uses,S0521,BloodHound,software,(Citation: Cycraft Chimera April 2020)
5346,G0114,Chimera,group,uses,S0154,Cobalt Strike,software,(Citation: Cycraft Chimera April 2020)(Citation: NCC Group Chimera January 2021)
5118,G0114,Chimera,group,uses,S0002,Mimikatz,software,(Citation: Cycraft Chimera April 2020)(Citation: NCC Group Chimera January 2021)
5877,G0114,Chimera,group,uses,S0039,Net,software,(Citation: NCC Group Chimera January 2021)
5879,G0114,Chimera,group,uses,S0029,PsExec,software,(Citation: NCC Group Chimera January 2021)
5878,G0114,Chimera,group,uses,S0404,esentutl,software,(Citation: NCC Group Chimera January 2021)
28,G0003,Cleaver,group,uses,S0002,Mimikatz,software,(Citation: Cylance Cleaver)
1318,G0003,Cleaver,group,uses,S0056,Net Crawler,software,(Citation: Cylance Cleaver)
2066,G0003,Cleaver,group,uses,S0029,PsExec,software,(Citation: Cylance Cleaver)
462,G0003,Cleaver,group,uses,S0004,TinyZBot,software,(Citation: Cylance Cleaver)
5347,G0080,Cobalt Group,group,uses,S0154,Cobalt Strike,software,(Citation: Talos Cobalt Group July 2018)(Citation: PTSecurity Cobalt Group Aug 2017)(Citation: Group IB Cobalt Aug 2017)(Citation: Proofpoint Cobalt June 2017) (Citation: RiskIQ Cobalt Nov 2017)(Citation: RiskIQ Cobalt Jan 2018)(Citation: Crowdstrike Global Threat Report Feb 2018)(Citation: TrendMicro Cobalt Group Nov 2017)
2067,G0080,Cobalt Group,group,uses,S0002,Mimikatz,software,(Citation: PTSecurity Cobalt Group Aug 2017)(Citation: PTSecurity Cobalt Dec 2016)(Citation: Group IB Cobalt Aug 2017)
305,G0080,Cobalt Group,group,uses,S0284,More_eggs,software,(Citation: Talos Cobalt Group July 2018)(Citation: Crowdstrike GTR2020 Mar 2020)
700,G0080,Cobalt Group,group,uses,S0029,PsExec,software,(Citation: PTSecurity Cobalt Group Aug 2017)(Citation: Group IB Cobalt Aug 2017)
773,G0080,Cobalt Group,group,uses,S0195,SDelete,software,(Citation: PTSecurity Cobalt Dec 2016)
7361,G0080,Cobalt Group,group,uses,S0646,SpicyOmelette,software,(Citation: Secureworks GOLD KINGSWOOD September 2018)
5341,G0052,CopyKittens,group,uses,S0154,Cobalt Strike,software,(Citation: ClearSky Wilted Tulip July 2017)
2947,G0052,CopyKittens,group,uses,S0363,Empire,software,(Citation: ClearSky Wilted Tulip July 2017)
6129,G0052,CopyKittens,group,uses,S0167,Matryoshka,software,(Citation: ClearSky Wilted Tulip July 2017)
2056,G0052,CopyKittens,group,uses,S0164,TDTESS,software,(Citation: ClearSky Wilted Tulip July 2017)
6524,G0132,CostaRicto,group,uses,S0614,CostaBricks,software,(Citation: BlackBerry CostaRicto November 2020)
6520,G0132,CostaRicto,group,uses,S0613,PS1,software,(Citation: BlackBerry CostaRicto November 2020)
6513,G0132,CostaRicto,group,uses,S0194,PowerSploit,software,(Citation: BlackBerry CostaRicto November 2020)
6515,G0132,CostaRicto,group,uses,S0029,PsExec,software,(Citation: BlackBerry CostaRicto November 2020)
6541,G0132,CostaRicto,group,uses,S0615,SombRAT,software,(Citation: BlackBerry CostaRicto November 2020)
6514,G0132,CostaRicto,group,uses,S0183,Tor,software,(Citation: BlackBerry CostaRicto November 2020)
234,G0070,Dark Caracal,group,uses,S0234,Bandook,software,(Citation: Lookout Dark Caracal Jan 2018)(Citation: CheckPoint Bandook Nov 2020) 
1204,G0070,Dark Caracal,group,uses,S0235,CrossRAT,software,(Citation: Lookout Dark Caracal Jan 2018)
99,G0070,Dark Caracal,group,uses,S0182,FinFisher,software,(Citation: Lookout Dark Caracal Jan 2018)
5333,G0079,DarkHydrus,group,uses,S0154,Cobalt Strike,software,(Citation: Unit 42 DarkHydrus July 2018)(Citation: Unit 42 Playbook Dec 2017)
1072,G0079,DarkHydrus,group,uses,S0002,Mimikatz,software,(Citation: Unit 42 DarkHydrus July 2018)(Citation: Unit 42 Playbook Dec 2017)
2001,G0079,DarkHydrus,group,uses,S0270,RogueRobin,software,(Citation: Unit 42 DarkHydrus July 2018)(Citation: Unit42 DarkHydrus Jan 2019)
4201,G0105,DarkVishnya,group,uses,S0029,PsExec,software,(Citation: Securelist DarkVishnya Dec 2018) 
4202,G0105,DarkVishnya,group,uses,S0191,Winexe,software,(Citation: Securelist DarkVishnya Dec 2018) 
1355,G0009,Deep Panda,group,uses,S0021,Derusbi,software,(Citation: ThreatConnect Anthem)
1195,G0009,Deep Panda,group,uses,S0080,Mivast,software,(Citation: Symantec Black Vine)
665,G0009,Deep Panda,group,uses,S0039,Net,software,(Citation: Alperovitch 2014)
18,G0009,Deep Panda,group,uses,S0097,Ping,software,(Citation: Alperovitch 2014)
112,G0009,Deep Panda,group,uses,S0074,Sakula,software,(Citation: ThreatConnect Anthem)
831,G0009,Deep Panda,group,uses,S0142,StreamEx,software,(Citation: Cylance Shell Crew Feb 2017)
161,G0009,Deep Panda,group,uses,S0057,Tasklist,software,(Citation: Alperovitch 2014)
1611,G0017,DragonOK,group,uses,S0013,PlugX,software,(Citation: New DragonOK)
132,G0017,DragonOK,group,uses,S0012,PoisonIvy,software,(Citation: Operation Quantum Entanglement)
902,G0035,Dragonfly,group,uses,S0093,Backdoor.Oldrea,software,(Citation: Symantec Dragonfly)
7293,G0035,Dragonfly,group,uses,S0488,CrackMapExec,software,(Citation: Secureworks IRON LIBERTY July 2019)
4974,G0035,Dragonfly,group,uses,S0002,Mimikatz,software,(Citation: Secureworks IRON LIBERTY July 2019)
4973,G0035,Dragonfly,group,uses,S0029,PsExec,software,(Citation: Secureworks IRON LIBERTY July 2019)
592,G0035,Dragonfly,group,uses,S0094,Trojan.Karagany,software,(Citation: Symantec Dragonfly)(Citation: Secureworks Karagany July 2019)
4891,G0074,Dragonfly 2.0,group,uses,S0488,CrackMapExec,software,(Citation: US-CERT TA18-074A)
561,G0074,Dragonfly 2.0,group,uses,S0357,Impacket,software,(Citation: US-CERT TA18-074A)(Citation: US-CERT APT Energy Oct 2017)(Citation: Core Security Impacket)
5039,G0074,Dragonfly 2.0,group,uses,S0500,MCMD,software,(Citation: Secureworks MCMD July 2019)
2377,G0074,Dragonfly 2.0,group,uses,S0039,Net,software,(Citation: US-CERT TA18-074A)
751,G0074,Dragonfly 2.0,group,uses,S0029,PsExec,software,(Citation: US-CERT TA18-074A)(Citation: Symantec Dragonfly Sept 2017)
2792,G0074,Dragonfly 2.0,group,uses,S0075,Reg,software,(Citation: US-CERT TA18-074A)
5038,G0074,Dragonfly 2.0,group,uses,S0094,Trojan.Karagany,software,(Citation: Symantec Dragonfly Sept 2017)(Citation: Secureworks Karagany July 2019)
1609,G0074,Dragonfly 2.0,group,uses,S0108,netsh,software,(Citation: US-CERT TA18-074A)
2202,G0031,Dust Storm,group,uses,S0084,Mis-Type,software,(Citation: Cylance Dust Storm)
829,G0031,Dust Storm,group,uses,S0083,Misdat,software,(Citation: Cylance Dust Storm)
49,G0031,Dust Storm,group,uses,S0085,S-Type,software,(Citation: Cylance Dust Storm)
1188,G0031,Dust Storm,group,uses,S0086,ZLib,software,(Citation: Cylance Dust Storm)
111,G0066,Elderwood,group,uses,S0204,Briba,software,(Citation: Symantec Elderwood Sept 2012)
691,G0066,Elderwood,group,uses,S0203,Hydraq,software,(Citation: Symantec Elderwood Sept 2012)
84,G0066,Elderwood,group,uses,S0211,Linfo,software,(Citation: Symantec Elderwood Sept 2012)
130,G0066,Elderwood,group,uses,S0205,Naid,software,(Citation: Symantec Elderwood Sept 2012)
933,G0066,Elderwood,group,uses,S0210,Nerex,software,(Citation: Symantec Elderwood Sept 2012)
1484,G0066,Elderwood,group,uses,S0208,Pasam,software,(Citation: Symantec Elderwood Sept 2012)
1434,G0066,Elderwood,group,uses,S0012,PoisonIvy,software,(Citation: Symantec Elderwood Sept 2012)
1479,G0066,Elderwood,group,uses,S0207,Vasport,software,(Citation: Symantec Elderwood Sept 2012)
1347,G0066,Elderwood,group,uses,S0206,Wiarp,software,(Citation: Symantec Elderwood Sept 2012)
5929,G0120,Evilnum,group,uses,S0568,EVILNUM,software,(Citation: Prevailion EvilNum May 2020)
5909,G0120,Evilnum,group,uses,S0349,LaZagne,software,(Citation: ESET EvilNum July 2020)
5910,G0120,Evilnum,group,uses,S0284,More_eggs,software,(Citation: ESET EvilNum July 2020)
2948,G0051,FIN10,group,uses,S0363,Empire,software,(Citation: FireEye FIN10 June 2017)
2135,G0053,FIN5,group,uses,S0173,FLIPSIDE,software,(Citation: Mandiant FIN5 GrrCON Oct 2016)
52,G0053,FIN5,group,uses,S0029,PsExec,software,[FIN5](https://attack.mitre.org/groups/G0053) uses a customized version of PsExec.(Citation: Mandiant FIN5 GrrCON Oct 2016)
189,G0053,FIN5,group,uses,S0169,RawPOS,software,(Citation: DarkReading FireEye FIN5 Oct 2015)(Citation: Mandiant FIN5 GrrCON Oct 2016)
752,G0053,FIN5,group,uses,S0195,SDelete,software,(Citation: Mandiant FIN5 GrrCON Oct 2016)
698,G0053,FIN5,group,uses,S0005,Windows Credential Editor,software,(Citation: DarkReading FireEye FIN5 Oct 2015)(Citation: Mandiant FIN5 GrrCON Oct 2016)
81,G0053,FIN5,group,uses,S0006,pwdump,software,(Citation: Mandiant FIN5 GrrCON Oct 2016)
5678,G0037,FIN6,group,uses,S0552,AdFind,software,(Citation: FireEye FIN6 Apr 2019)
5340,G0037,FIN6,group,uses,S0154,Cobalt Strike,software,(Citation: FireEye FIN6 Apr 2019)
5233,G0037,FIN6,group,uses,S0381,FlawedAmmyy,software,(Citation: Visa FIN6 Feb 2019)
5088,G0037,FIN6,group,uses,S0503,FrameworkPOS,software,(Citation: SentinelOne FrameworkPOS September 2019)(Citation: Crowdstrike Global Threat Report Feb 2018)(Citation: Visa FIN6 Feb 2019)
6733,G0037,FIN6,group,uses,S0632,GrimAgent,software,(Citation: Group IB GrimAgent July 2021)
3082,G0037,FIN6,group,uses,S0372,LockerGoga,software,(Citation: FireEye FIN6 Apr 2019)
5089,G0037,FIN6,group,uses,S0449,Maze,software,(Citation: FireEye Maze May 2020)
3604,G0037,FIN6,group,uses,S0002,Mimikatz,software,(Citation: Security Intelligence More Eggs Aug 2019)
3611,G0037,FIN6,group,uses,S0284,More_eggs,software,(Citation: Security Intelligence More Eggs Aug 2019)(Citation: Visa FIN6 Feb 2019)
113,G0037,FIN6,group,uses,S0029,PsExec,software,(Citation: FireEye FIN6 April 2016)(Citation: FireEye FIN6 Apr 2019)
4176,G0037,FIN6,group,uses,S0446,Ryuk,software,(Citation: FireEye FIN6 Apr 2019)
483,G0037,FIN6,group,uses,S0005,Windows Credential Editor,software,(Citation: FireEye FIN6 April 2016)
7358,G0046,FIN7,group,uses,S0552,AdFind,software,(Citation: CrowdStrike Carbon Spider August 2021)
3698,G0046,FIN7,group,uses,S0415,BOOSTWRITE,software,(Citation: FireEye FIN7 Oct 2019)
1617,G0046,FIN7,group,uses,S0030,Carbanak,software,(Citation: FireEye FIN7 March 2017)(Citation: FireEye FIN7 Aug 2018)(Citation: DOJ FIN7 Aug 2018)(Citation: IBM Ransomware Trends September 2020)(Citation: CrowdStrike Carbon Spider August 2021)
7037,G0046,FIN7,group,uses,S0154,Cobalt Strike,software,(Citation: CrowdStrike Carbon Spider August 2021)
7038,G0046,FIN7,group,uses,S0488,CrackMapExec,software,"
(Citation: CrowdStrike Carbon Spider August 2021)"
3706,G0046,FIN7,group,uses,S0417,GRIFFON,software,(Citation: SecureList Griffon May 2019)(Citation: CrowdStrike Carbon Spider August 2021)
2060,G0046,FIN7,group,uses,S0151,HALFBAKED,software,(Citation: FireEye FIN7 April 2017)(Citation: FireEye FIN7 Aug 2018)
7019,G0046,FIN7,group,uses,S0648,JSS Loader,software,(Citation: CrowdStrike Carbon Spider August 2021)
7039,G0046,FIN7,group,uses,S0002,Mimikatz,software,(Citation: CrowdStrike Carbon Spider August 2021)
1464,G0046,FIN7,group,uses,S0145,POWERSOURCE,software,(Citation: FireEye FIN7 March 2017)
5229,G0046,FIN7,group,uses,S0517,Pillowmint,software,(Citation: Trustwave Pillowmint June 2020)(Citation: CrowdStrike Carbon Spider August 2021)
7040,G0046,FIN7,group,uses,S0194,PowerSploit,software,(Citation: CrowdStrike Carbon Spider August 2021)
3697,G0046,FIN7,group,uses,S0416,RDFSNIFFER,software,(Citation: FireEye FIN7 Oct 2019)
7005,G0046,FIN7,group,uses,S0496,REvil,software,(Citation: IBM Ransomware Trends September 2020)(Citation: CrowdStrike Carbon Spider August 2021)
3426,G0046,FIN7,group,uses,S0390,SQLRat,software,(Citation: Flashpoint FIN 7 March 2019)
2494,G0046,FIN7,group,uses,S0146,TEXTMATE,software,(Citation: FireEye FIN7 March 2017)
6927,G0061,FIN8,group,uses,S0357,Impacket,software,(Citation: Bitdefender FIN8 July 2021)
2667,G0061,FIN8,group,uses,S0039,Net,software,(Citation: FireEye Know Your Enemy FIN8 Aug 2016)
7228,G0061,FIN8,group,uses,S0359,Nltest,software,(Citation: Bitdefender FIN8 July 2021)
2457,G0061,FIN8,group,uses,S0196,PUNCHBUGGY,software,(Citation: FireEye Fin8 May 2016)
1547,G0061,FIN8,group,uses,S0197,PUNCHTRACK,software,(Citation: FireEye Fin8 May 2016)
1056,G0061,FIN8,group,uses,S0105,dsquery,software,(Citation: FireEye Know Your Enemy FIN8 Aug 2016)
7081,G0137,Ferocious Kitten,group,uses,S0190,BITSAdmin,software,(Citation: Kaspersky Ferocious Kitten Jun 2021)
7099,G0137,Ferocious Kitten,group,uses,S0652,MarkiRAT,software,(Citation: Kaspersky Ferocious Kitten Jun 2021)
5667,G0117,Fox Kitten,group,uses,S0020,China Chopper,software,(Citation: CISA AA20-259A Iran-Based Actor September 2020)
5666,G0117,Fox Kitten,group,uses,S0508,Ngrok,software,(Citation: CrowdStrike PIONEER KITTEN August 2020)
6439,G0117,Fox Kitten,group,uses,S0556,Pay2Key,software,(Citation: ClearkSky Fox Kitten February 2020)(Citation: Check Point Pay2Key November 2020)
5713,G0117,Fox Kitten,group,uses,S0029,PsExec,software,(Citation: CISA AA20-259A Iran-Based Actor September 2020)(Citation: Check Point Pay2Key November 2020)
4108,G0101,Frankenstein,group,uses,S0363,Empire,software,(Citation: Talos Frankenstein June 2019) 
5861,G0093,GALLIUM,group,uses,S0564,BlackMould,software,(Citation: Microsoft GALLIUM December 2019)
3533,G0093,GALLIUM,group,uses,S0020,China Chopper,software,(Citation: Cybereason Soft Cell June 2019)(Citation: Microsoft GALLIUM December 2019)
3535,G0093,GALLIUM,group,uses,S0040,HTRAN,software,(Citation: Cybereason Soft Cell June 2019)(Citation: Microsoft GALLIUM December 2019)
3532,G0093,GALLIUM,group,uses,S0002,Mimikatz,software,(Citation: Cybereason Soft Cell June 2019)(Citation: Microsoft GALLIUM December 2019)
6211,G0093,GALLIUM,group,uses,S0590,NBTscan,software,(Citation: Cybereason Soft Cell June 2019)
3538,G0093,GALLIUM,group,uses,S0039,Net,software,(Citation: Cybereason Soft Cell June 2019)
3534,G0093,GALLIUM,group,uses,S0097,Ping,software,(Citation: Cybereason Soft Cell June 2019)
3537,G0093,GALLIUM,group,uses,S0013,PlugX,software,(Citation: Cybereason Soft Cell June 2019)
3529,G0093,GALLIUM,group,uses,S0012,PoisonIvy,software,(Citation: Cybereason Soft Cell June 2019)(Citation: Microsoft GALLIUM December 2019)
3531,G0093,GALLIUM,group,uses,S0029,PsExec,software,(Citation: Cybereason Soft Cell June 2019)(Citation: Microsoft GALLIUM December 2019)
3530,G0093,GALLIUM,group,uses,S0075,Reg,software,(Citation: Cybereason Soft Cell June 2019)
5854,G0093,GALLIUM,group,uses,S0005,Windows Credential Editor,software,(Citation: Microsoft GALLIUM December 2019)
3536,G0093,GALLIUM,group,uses,S0110,at,software,(Citation: Cybereason Soft Cell June 2019)
3540,G0093,GALLIUM,group,uses,S0106,cmd,software,(Citation: Cybereason Soft Cell June 2019)(Citation: Microsoft GALLIUM December 2019)
3539,G0093,GALLIUM,group,uses,S0100,ipconfig,software,(Citation: Cybereason Soft Cell June 2019)
6216,G0115,GOLD SOUTHFIELD,group,uses,S0591,ConnectWise,software,(Citation: Anomali Static Kitten February 2021)(Citation: Tetra Defense Sodinokibi March 2020)
5119,G0115,GOLD SOUTHFIELD,group,uses,S0496,REvil,software,(Citation: Secureworks REvil September 2019)(Citation: Secureworks GandCrab and REvil September 2019)
2058,G0047,Gamaredon Group,group,uses,S0147,Pteranodon,software,(Citation: Palo Alto Gamaredon Feb 2017)
1951,G0078,Gorgon Group,group,uses,S0336,NanoCore,software,(Citation: Unit 42 Gorgon Group Aug 2018)
1471,G0078,Gorgon Group,group,uses,S0262,QuasarRAT,software,(Citation: Unit 42 Gorgon Group Aug 2018)
1787,G0078,Gorgon Group,group,uses,S0332,Remcos,software,(Citation: Unit 42 Gorgon Group Aug 2018)
3314,G0078,Gorgon Group,group,uses,S0385,njRAT,software,(Citation: Unit 42 Gorgon Group Aug 2018)
3370,G0043,Group5,group,uses,S0336,NanoCore,software,(Citation: Citizen Lab Group5)
3315,G0043,Group5,group,uses,S0385,njRAT,software,(Citation: Citizen Lab Group5)
6126,G0125,HAFNIUM,group,uses,S0073,ASPXSpy,software,(Citation: Volexity Exchange Marauder March 2021)
6125,G0125,HAFNIUM,group,uses,S0020,China Chopper,software,(Citation: Volexity Exchange Marauder March 2021)(Citation: FireEye Exchange Zero Days March 2021)
6127,G0125,HAFNIUM,group,uses,S0029,PsExec,software,(Citation: Volexity Exchange Marauder March 2021)
6133,G0126,Higaisa,group,uses,S0013,PlugX,software,(Citation: Malwarebytes Higaisa 2020)
6299,G0126,Higaisa,group,uses,S0160,certutil,software,(Citation: Malwarebytes Higaisa 2020)(Citation: PTSecurity Higaisa 2020)
6134,G0126,Higaisa,group,uses,S0032,gh0st RAT,software,(Citation: Malwarebytes Higaisa 2020)
343,G0072,Honeybee,group,uses,S0075,Reg,software,(Citation: McAfee Honeybee)
702,G0072,Honeybee,group,uses,S0096,Systeminfo,software,(Citation: McAfee Honeybee)
962,G0072,Honeybee,group,uses,S0057,Tasklist,software,(Citation: McAfee Honeybee)
55,G0072,Honeybee,group,uses,S0106,cmd,software,(Citation: McAfee Honeybee)
4093,G0100,Inception,group,uses,S0349,LaZagne,software,(Citation: Kaspersky Cloud Atlas August 2019)
4100,G0100,Inception,group,uses,S0441,PowerShower,software,(Citation: Unit 42 Inception November 2018)
4107,G0100,Inception,group,uses,S0442,VBShower,software,(Citation: Kaspersky Cloud Atlas August 2019)
7073,G0136,IndigoZebra,group,uses,S0651,BoxCaon,software,(Citation: Checkpoint IndigoZebra July 2021)
7056,G0136,IndigoZebra,group,uses,S0012,PoisonIvy,software,(Citation: Securelist APT Trends Q2 2017)
7121,G0136,IndigoZebra,group,uses,S0653,xCaon,software,(Citation: Checkpoint IndigoZebra July 2021)
6132,G0119,Indrik Spider,group,uses,S0570,BitPaymer,software,(Citation: Crowdstrike Indrik November 2018)(Citation: Crowdstrike EvilCorp March 2021)
6965,G0119,Indrik Spider,group,uses,S0154,Cobalt Strike,software,(Citation: Crowdstrike EvilCorp March 2021)
5783,G0119,Indrik Spider,group,uses,S0384,Dridex,software,(Citation: Crowdstrike Indrik November 2018)(Citation: Crowdstrike EvilCorp March 2021)(Citation: Treasury EvilCorp Dec 2019)
5922,G0119,Indrik Spider,group,uses,S0363,Empire,software,(Citation: Crowdstrike Indrik November 2018)
5923,G0119,Indrik Spider,group,uses,S0002,Mimikatz,software,(Citation: Crowdstrike Indrik November 2018)
7316,G0119,Indrik Spider,group,uses,S0029,PsExec,software,(Citation: Symantec WastedLocker June 2020)
6958,G0119,Indrik Spider,group,uses,S0612,WastedLocker,software,(Citation: NCC Group WastedLocker June 2020)(Citation: Crowdstrike EvilCorp March 2021)
1074,G0004,Ke3chang,group,uses,S0002,Mimikatz,software,(Citation: NCC Group APT15 Alive and Strong)
118,G0004,Ke3chang,group,uses,S0280,MirageFox,software,(Citation: APT15 Intezer June 2018)
2553,G0004,Ke3chang,group,uses,S0039,Net,software,(Citation: Mandiant Operation Ke3chang November 2014)(Citation: NCC Group APT15 Alive and Strong)
4092,G0004,Ke3chang,group,uses,S0439,Okrum,software,(Citation: ESET Okrum July 2019)
2003,G0004,Ke3chang,group,uses,S0097,Ping,software,(Citation: NCC Group APT15 Alive and Strong)
45,G0004,Ke3chang,group,uses,S0096,Systeminfo,software,(Citation: Mandiant Operation Ke3chang November 2014)(Citation: NCC Group APT15 Alive and Strong)
89,G0004,Ke3chang,group,uses,S0057,Tasklist,software,(Citation: NCC Group APT15 Alive and Strong)
815,G0004,Ke3chang,group,uses,S0100,ipconfig,software,(Citation: Mandiant Operation Ke3chang November 2014)(Citation: NCC Group APT15 Alive and Strong)
729,G0004,Ke3chang,group,uses,S0104,netstat,software,(Citation: Mandiant Operation Ke3chang November 2014)(Citation: NCC Group APT15 Alive and Strong)
934,G0004,Ke3chang,group,uses,S0227,spwebmember,software,(Citation: NCC Group APT15 Alive and Strong)
6602,G0094,Kimsuky,group,uses,S0622,AppleSeed,software,(Citation: Malwarebytes Kimsuky June 2021)
5291,G0094,Kimsuky,group,uses,S0414,BabyShark,software,(Citation: CISA AA20-301A Kimsuky)(Citation: Cybereason Kimsuky November 2020)(Citation: Crowdstrike GTR2020 Mar 2020)
6447,G0094,Kimsuky,group,uses,S0527,CSPY Downloader,software,(Citation: Cybereason Kimsuky November 2020)
5348,G0094,Kimsuky,group,uses,S0526,KGH_SPY,software,(Citation: Cybereason Kimsuky November 2020)
7129,G0094,Kimsuky,group,uses,S0002,Mimikatz,software,(Citation: Netscout Stolen Pencil Dec 2018)
5650,G0094,Kimsuky,group,uses,S0353,NOKKI,software,(Citation: Crowdstrike GTR2020 Mar 2020)
7342,G0094,Kimsuky,group,uses,S0029,PsExec,software,(Citation: Netscout Stolen Pencil Dec 2018)
5377,G0094,Kimsuky,group,uses,S0111,schtasks,software,(Citation: Cybereason Kimsuky November 2020)
6078,G0032,Lazarus Group,group,uses,S0584,AppleJeus,software,(Citation: CISA AppleJeus Feb 2021)
2246,G0032,Lazarus Group,group,uses,S0347,AuditCred,software,(Citation: TrendMicro Lazarus Nov 2018)
1219,G0032,Lazarus Group,group,uses,S0245,BADCALL,software,(Citation: US-CERT BADCALL)
5285,G0032,Lazarus Group,group,uses,S0520,BLINDINGCAN,software,(Citation: US-CERT BLINDINGCAN Aug 2020)
1478,G0032,Lazarus Group,group,uses,S0239,Bankshot,software,(Citation: McAfee Bankshot)
4957,G0032,Lazarus Group,group,uses,S0498,Cryptoistic,software,(Citation: SentinelOne Lazarus macOS July 2020)
4951,G0032,Lazarus Group,group,uses,S0497,Dacls,software,(Citation: SentinelOne Lazarus macOS July 2020)(Citation: TrendMicro macOS Dacls May 2020)
6187,G0032,Lazarus Group,group,uses,S0567,Dtrack,software,(Citation: Kaspersky Dtrack)
6230,G0032,Lazarus Group,group,uses,S0593,ECCENTRICBANDWAGON,software,(Citation: CISA EB Aug 2020)
2364,G0032,Lazarus Group,group,uses,S0181,FALLCHILL,software,(Citation: US-CERT FALLCHILL Nov 2017)
1541,G0032,Lazarus Group,group,uses,S0246,HARDRAIN,software,(Citation: US-CERT HARDRAIN March 2018)
3144,G0032,Lazarus Group,group,uses,S0376,HOPLIGHT,software,(Citation: US-CERT HOPLIGHT Apr 2019)
4018,G0032,Lazarus Group,group,uses,S0431,HotCroissant,software,(Citation: US-CERT HOTCROISSANT February 2020)
316,G0032,Lazarus Group,group,uses,S0271,KEYMARBLE,software,(Citation: US-CERT KEYMARBLE Aug 2018)
8,G0032,Lazarus Group,group,uses,S0238,Proxysvc,software,(Citation: McAfee GhostSecret)
1223,G0032,Lazarus Group,group,uses,S0241,RATANKBA,software,(Citation: Lazarus RATANKBA)
3038,G0032,Lazarus Group,group,uses,S0364,RawDisk,software,(Citation: Novetta Blockbuster)(Citation: Novetta Blockbuster Destructive Malware)
6135,G0032,Lazarus Group,group,uses,S0586,TAINTEDSCRIBE,software,(Citation: CISA MAR-10288834-2.v1  TAINTEDSCRIBE MAY 2020)
1992,G0032,Lazarus Group,group,uses,S0263,TYPEFRAME,software,(Citation: US-CERT TYPEFRAME June 2018)
755,G0032,Lazarus Group,group,uses,S0180,Volgmer,software,(Citation: US-CERT Volgmer Nov 2017)
3037,G0032,Lazarus Group,group,uses,S0366,WannaCry,software,(Citation: FireEye APT38 Oct 2018)(Citation: LogRhythm WannaCry)(Citation: FireEye WannaCry 2017)(Citation: SecureWorks WannaCry Analysis)
969,G0032,Lazarus Group,group,uses,S0108,netsh,software,(Citation: Novetta Blockbuster Loaders)
1880,G0077,Leafminer,group,uses,S0349,LaZagne,software,(Citation: Symantec Leafminer July 2018)
3670,G0077,Leafminer,group,uses,S0413,MailSniper,software,(Citation: Symantec Leafminer July 2018)
778,G0077,Leafminer,group,uses,S0002,Mimikatz,software,(Citation: Symantec Leafminer July 2018)
282,G0077,Leafminer,group,uses,S0029,PsExec,software,(Citation: Symantec Leafminer July 2018)
6886,G0065,Leviathan,group,uses,S0642,BADFLICK,software,(Citation: FireEye Periscope March 2018)(Citation: Accenture MUDCARP March 2019)
54,G0065,Leviathan,group,uses,S0190,BITSAdmin,software,(Citation: FireEye Periscope March 2018)
1735,G0065,Leviathan,group,uses,S0069,BLACKCOFFEE,software,(Citation: FireEye Periscope March 2018)
987,G0065,Leviathan,group,uses,S0020,China Chopper,software,(Citation: FireEye Periscope March 2018)(Citation: CISA AA21-200A APT40 July 2021)(Citation: Accenture MUDCARP March 2019)
5342,G0065,Leviathan,group,uses,S0154,Cobalt Strike,software,(Citation: Proofpoint Leviathan Oct 2017)(Citation: FireEye Periscope March 2018)(Citation: CISA AA21-200A APT40 July 2021)
7,G0065,Leviathan,group,uses,S0021,Derusbi,software,(Citation: FireEye Periscope March 2018)(Citation: CISA AA21-200A APT40 July 2021)
6831,G0065,Leviathan,group,uses,S0363,Empire,software,(Citation: CISA AA21-200A APT40 July 2021)
95,G0065,Leviathan,group,uses,S0232,HOMEFRY,software,(Citation: FireEye Periscope March 2018)
217,G0065,Leviathan,group,uses,S0233,MURKYTOP,software,(Citation: FireEye Periscope March 2018)(Citation: CISA AA21-200A APT40 July 2021)
192,G0065,Leviathan,group,uses,S0228,NanHaiShu,software,(Citation: Proofpoint Leviathan Oct 2017)(Citation: CISA AA21-200A APT40 July 2021)
2962,G0065,Leviathan,group,uses,S0039,Net,software,(Citation: FireEye APT40 March 2019)
1534,G0065,Leviathan,group,uses,S0229,Orz,software,(Citation: Proofpoint Leviathan Oct 2017)(Citation: CISA AA21-200A APT40 July 2021)(Citation: Accenture MUDCARP March 2019)
6885,G0065,Leviathan,group,uses,S0194,PowerSploit,software,(Citation: CISA AA21-200A APT40 July 2021)
6832,G0065,Leviathan,group,uses,S0183,Tor,software,(Citation: CISA AA21-200A APT40 July 2021)
2961,G0065,Leviathan,group,uses,S0005,Windows Credential Editor,software,(Citation: FireEye APT40 March 2019)
2963,G0065,Leviathan,group,uses,S0110,at,software,(Citation: FireEye APT40 March 2019)
6833,G0065,Leviathan,group,uses,S0032,gh0st RAT,software,(Citation: CISA AA21-200A APT40 July 2021)
1238,G0030,Lotus Blossom,group,uses,S0081,Elise,software,(Citation: Spring Dragon Jun 2015)(Citation: Accenture Dragonfish Jan 2018)
2371,G0030,Lotus Blossom,group,uses,S0082,Emissary,software,(Citation: Lotus Blossom Dec 2015)(Citation: Emissary Trojan Feb 2016)
3599,G0095,Machete,group,uses,S0409,Machete,software,(Citation: Securelist Machete Aug 2014)(Citation: ESET Machete July 2019)
4368,G0059,Magic Hound,group,uses,S0186,DownPaper,software,(Citation: ClearSky Charming Kitten Dec 2017)
70,G0059,Magic Hound,group,uses,S0002,Mimikatz,software,(Citation: FireEye APT35 2018)
143,G0059,Magic Hound,group,uses,S0029,PsExec,software,(Citation: FireEye APT35 2018)
1916,G0059,Magic Hound,group,uses,S0192,Pupy,software,(Citation: Unit 42 Magic Hound Feb 2017)(Citation: FireEye APT35 2018)(Citation: Secureworks Cobalt Gypsy Feb 2017)
841,G0002,Moafee,group,uses,S0012,PoisonIvy,software,(Citation: Haq 2014)
4157,G0103,Mofang,group,uses,S0444,ShimRat,software,
4156,G0103,Mofang,group,uses,S0445,ShimRatReporter,software,
5664,G0021,Molerats,group,uses,S0547,DropBook,software,(Citation: Cybereason Molerats Dec 2020)
1242,G0021,Molerats,group,uses,S0062,DustySky,software,(Citation: DustySky)(Citation: DustySky2)(Citation: Kaspersky MoleRATs April 2019)
5690,G0021,Molerats,group,uses,S0553,MoleNet,software,(Citation: Cybereason Molerats Dec 2020) 
2203,G0021,Molerats,group,uses,S0012,PoisonIvy,software,(Citation: DustySky)(Citation: DustySky2)(Citation: FireEye Operation Molerats)
5665,G0021,Molerats,group,uses,S0546,SharpStage,software,(Citation: Cybereason Molerats Dec 2020)
5643,G0021,Molerats,group,uses,S0543,Spark,software,(Citation: Unit42 Molerat Mar 2020) (Citation: Cybereason Molerats Dec 2020)
6215,G0069,MuddyWater,group,uses,S0591,ConnectWise,software,(Citation: Anomali Static Kitten February 2021)(Citation: Trend Micro Muddy Water March 2021)
4890,G0069,MuddyWater,group,uses,S0488,CrackMapExec,software,(Citation: TrendMicro POWERSTATS V3 June 2019)(Citation: Symantec MuddyWater Dec 2018)
4248,G0069,MuddyWater,group,uses,S0363,Empire,software,(Citation: TrendMicro POWERSTATS V3 June 2019)
4244,G0069,MuddyWater,group,uses,S0250,Koadic,software,(Citation: Reaqta MuddyWater November 2017)(Citation: TrendMicro POWERSTATS V3 June 2019)
2968,G0069,MuddyWater,group,uses,S0349,LaZagne,software,(Citation: Symantec MuddyWater Dec 2018)(Citation: TrendMicro POWERSTATS V3 June 2019)
1119,G0069,MuddyWater,group,uses,S0002,Mimikatz,software,(Citation: Unit 42 MuddyWater Nov 2017)(Citation: TrendMicro POWERSTATS V3 June 2019)
6236,G0069,MuddyWater,group,uses,S0594,Out1,software,(Citation: Trend Micro Muddy Water March 2021)
1048,G0069,MuddyWater,group,uses,S0223,POWERSTATS,software,(Citation: Unit 42 MuddyWater Nov 2017)(Citation: FireEye MuddyWater Mar 2018)(Citation: ClearSky MuddyWater Nov 2018)(Citation: Symantec MuddyWater Dec 2018)(Citation: ClearSky MuddyWater June 2019)
4249,G0069,MuddyWater,group,uses,S0194,PowerSploit,software,(Citation: TrendMicro POWERSTATS V3 June 2019)
6224,G0069,MuddyWater,group,uses,S0592,RemoteUtilities,software,(Citation: Trend Micro Muddy Water March 2021)
4286,G0069,MuddyWater,group,uses,S0450,SHARPSTATS,software,(Citation: TrendMicro POWERSTATS V3 June 2019)
6396,G0129,Mustang Panda,group,uses,S0154,Cobalt Strike,software,(Citation: Crowdstrike MUSTANG PANDA June 2018)(Citation: Anomali MUSTANG PANDA October 2019)(Citation: Secureworks BRONZE PRESIDENT December 2019)(Citation: Recorded Future REDDELTA July 2020)(Citation: McAfee Dianxun March 2021)
6418,G0129,Mustang Panda,group,uses,S0590,NBTscan,software,(Citation: Secureworks BRONZE PRESIDENT December 2019)
6398,G0129,Mustang Panda,group,uses,S0013,PlugX,software,(Citation: Crowdstrike MUSTANG PANDA June 2018)(Citation: Anomali MUSTANG PANDA October 2019)(Citation: Secureworks BRONZE PRESIDENT December 2019)(Citation: Avira Mustang Panda January 2020)(Citation: Recorded Future REDDELTA July 2020)
6397,G0129,Mustang Panda,group,uses,S0012,PoisonIvy,software,(Citation: Crowdstrike MUSTANG PANDA June 2018)(Citation: Recorded Future REDDELTA July 2020)
1548,G0055,NEODYMIUM,group,uses,S0176,Wingbird,software,(Citation: Microsoft NEODYMIUM Dec 2016)(Citation: Microsoft SIR Vol 21)
4338,G0019,Naikon,group,uses,S0456,Aria-body,software,(Citation: CheckPoint Naikon May 2020)(Citation: Bitdefender Naikon April 2021)
1496,G0019,Naikon,group,uses,S0095,FTP,software,(Citation: Baumgartner Naikon 2015)
1241,G0019,Naikon,group,uses,S0061,HDoor,software,(Citation: Baumgartner Naikon 2015)
6685,G0019,Naikon,group,uses,S0630,Nebulae,software,(Citation: Bitdefender Naikon April 2021)
202,G0019,Naikon,group,uses,S0039,Net,software,(Citation: Baumgartner Naikon 2015)(Citation: Bitdefender Naikon April 2021)
1708,G0019,Naikon,group,uses,S0097,Ping,software,(Citation: Baumgartner Naikon 2015)(Citation: Bitdefender Naikon April 2021)
474,G0019,Naikon,group,uses,S0029,PsExec,software,(Citation: Baumgartner Naikon 2015)
853,G0019,Naikon,group,uses,S0055,RARSTONE,software,(Citation: Baumgartner Naikon 2015)(Citation: CameraShy)
6683,G0019,Naikon,group,uses,S0629,RainyDay,software,(Citation: Bitdefender Naikon April 2021)
942,G0019,Naikon,group,uses,S0058,SslMM,software,(Citation: Baumgartner Naikon 2015)(Citation: CameraShy)
823,G0019,Naikon,group,uses,S0060,Sys10,software,(Citation: Baumgartner Naikon 2015)
723,G0019,Naikon,group,uses,S0096,Systeminfo,software,(Citation: Baumgartner Naikon 2015)
1030,G0019,Naikon,group,uses,S0057,Tasklist,software,(Citation: Baumgartner Naikon 2015)
834,G0019,Naikon,group,uses,S0059,WinMM,software,(Citation: Baumgartner Naikon 2015)(Citation: CameraShy)
1776,G0019,Naikon,group,uses,S0108,netsh,software,(Citation: Baumgartner Naikon 2015)
2178,G0014,Night Dragon,group,uses,S0073,ASPXSpy,software,(Citation: McAfee Night Dragon)
1981,G0014,Night Dragon,group,uses,S0029,PsExec,software,(Citation: McAfee Night Dragon)
2242,G0014,Night Dragon,group,uses,S0110,at,software,(Citation: McAfee Night Dragon)
546,G0014,Night Dragon,group,uses,S0008,gsecdump,software,(Citation: McAfee Night Dragon)
1280,G0014,Night Dragon,group,uses,S0350,zwShell,software,(Citation: McAfee Night Dragon)
6863,G0133,Nomadic Octopus,group,uses,S0340,Octopus,software,(Citation: Security Affairs DustSquad Oct 2018)(Citation: Securelist Octopus Oct 2018)(Citation: ESET Nomadic Octopus 2018) 
2876,G0049,OilRig,group,uses,S0360,BONDUPDATER,software,(Citation: FireEye APT34 Dec 2017) (Citation: Palo Alto OilRig Sep 2018)
2650,G0049,OilRig,group,uses,S0095,FTP,software,(Citation: Palo Alto OilRig Oct 2016)
1600,G0049,OilRig,group,uses,S0170,Helminth,software,(Citation: Palo Alto OilRig May 2016)(Citation: FireEye APT34 Webinar Dec 2017)(Citation: Crowdstrike Helix Kitten Nov 2018)
1762,G0049,OilRig,group,uses,S0189,ISMInjector,software,(Citation: OilRig New Delivery Oct 2017)
1902,G0049,OilRig,group,uses,S0349,LaZagne,software,(Citation: FireEye APT35 2018)
22,G0049,OilRig,group,uses,S0002,Mimikatz,software,(Citation: Unit 42 Playbook Dec 2017)(Citation: FireEye APT34 Webinar Dec 2017)(Citation: FireEye APT35 2018)
2493,G0049,OilRig,group,uses,S0039,Net,software,(Citation: Palo Alto OilRig May 2016)(Citation: FireEye APT34 Dec 2017)
963,G0049,OilRig,group,uses,S0264,OopsIE,software,(Citation: Unit 42 OopsIE! Feb 2018)
1473,G0049,OilRig,group,uses,S0184,POWRUNER,software,(Citation: FireEye APT34 Dec 2017)
1777,G0049,OilRig,group,uses,S0029,PsExec,software,(Citation: FireEye APT34 Webinar Dec 2017)
2781,G0049,OilRig,group,uses,S0269,QUADAGENT,software,(Citation: Unit 42 QUADAGENT July 2018)
5240,G0049,OilRig,group,uses,S0495,RDAT,software,(Citation: Unit42 RDAT July 2020)
37,G0049,OilRig,group,uses,S0258,RGDoor,software,(Citation: Unit 42 RGDoor Jan 2018)
734,G0049,OilRig,group,uses,S0075,Reg,software,(Citation: Palo Alto OilRig May 2016)(Citation: FireEye APT34 Dec 2017)
254,G0049,OilRig,group,uses,S0185,SEASHARPEE,software,(Citation: FireEye APT34 Webinar Dec 2017)
6481,G0049,OilRig,group,uses,S0610,SideTwist,software,(Citation: Check Point APT34 April 2021)
2002,G0049,OilRig,group,uses,S0096,Systeminfo,software,(Citation: FireEye APT34 Dec 2017)
62,G0049,OilRig,group,uses,S0057,Tasklist,software,(Citation: Palo Alto OilRig May 2016)(Citation: FireEye APT34 Dec 2017)
1778,G0049,OilRig,group,uses,S0160,certutil,software,(Citation: FireEye APT34 Dec 2017)
2073,G0049,OilRig,group,uses,S0100,ipconfig,software,(Citation: Palo Alto OilRig May 2016)
38,G0049,OilRig,group,uses,S0104,netstat,software,(Citation: Palo Alto OilRig May 2016)(Citation: FireEye APT34 Dec 2017)
5539,G0116,Operation Wocao,group,uses,S0521,BloodHound,software,(Citation: FoxIT Wocao December 2019)
5487,G0116,Operation Wocao,group,uses,S0357,Impacket,software,(Citation: FoxIT Wocao December 2019)
5603,G0116,Operation Wocao,group,uses,S0002,Mimikatz,software,(Citation: FoxIT Wocao December 2019)
5486,G0116,Operation Wocao,group,uses,S0194,PowerSploit,software,(Citation: FoxIT Wocao December 2019)
5602,G0116,Operation Wocao,group,uses,S0105,dsquery,software,(Citation: FoxIT Wocao December 2019)
5485,G0116,Operation Wocao,group,uses,S0104,netstat,software,(Citation: FoxIT Wocao December 2019)
1358,G0071,Orangeworm,group,uses,S0099,Arp,software,(Citation: Symantec Orangeworm April 2018)
1006,G0071,Orangeworm,group,uses,S0236,Kwampirs,software,(Citation: Symantec Orangeworm April 2018)
34,G0071,Orangeworm,group,uses,S0039,Net,software,(Citation: Symantec Orangeworm April 2018)
19,G0071,Orangeworm,group,uses,S0096,Systeminfo,software,(Citation: Symantec Orangeworm April 2018)
253,G0071,Orangeworm,group,uses,S0106,cmd,software,(Citation: Symantec Orangeworm April 2018)
26,G0071,Orangeworm,group,uses,S0100,ipconfig,software,(Citation: Symantec Orangeworm April 2018)
1599,G0071,Orangeworm,group,uses,S0104,netstat,software,(Citation: Symantec Orangeworm April 2018)
206,G0071,Orangeworm,group,uses,S0103,route,software,(Citation: Symantec Orangeworm April 2018)
531,G0068,PLATINUM,group,uses,S0200,Dipsind,software,(Citation: Microsoft PLATINUM April 2016)
1214,G0068,PLATINUM,group,uses,S0201,JPIN,software,(Citation: Microsoft PLATINUM April 2016)
1463,G0068,PLATINUM,group,uses,S0202,adbupd,software,(Citation: Microsoft PLATINUM April 2016)
4889,G0056,PROMETHIUM,group,uses,S0491,StrongPity,software,(Citation: Bitdefender StrongPity June 2020)(Citation: Talos Promethium June 2020)
1045,G0056,PROMETHIUM,group,uses,S0178,Truvasys,software,(Citation: Microsoft NEODYMIUM Dec 2016)(Citation: Microsoft SIR Vol 21)
1106,G0040,Patchwork,group,uses,S0129,AutoIt backdoor,software,(Citation: Forcepoint Monsoon)
884,G0040,Patchwork,group,uses,S0128,BADNEWS,software,(Citation: Forcepoint Monsoon)(Citation: TrendMicro Patchwork Dec 2017)
4571,G0040,Patchwork,group,uses,S0475,BackConfig,software,(Citation: Unit 42 BackConfig May 2020)
4,G0040,Patchwork,group,uses,S0272,NDiskMonitor,software,(Citation: TrendMicro Patchwork Dec 2017)
1339,G0040,Patchwork,group,uses,S0194,PowerSploit,software,(Citation: Cymmetria Patchwork)
1985,G0040,Patchwork,group,uses,S0262,QuasarRAT,software,(Citation: TrendMicro Patchwork Dec 2017)(Citation: Volexity Patchwork June 2018)
1706,G0040,Patchwork,group,uses,S0131,TINYTYPHON,software,(Citation: Forcepoint Monsoon)
42,G0040,Patchwork,group,uses,S0130,Unknown Logger,software,(Citation: Forcepoint Monsoon)
1314,G0011,PittyTiger,group,uses,S0010,Lurid,software,(Citation: Villeneuve 2014)
2376,G0011,PittyTiger,group,uses,S0002,Mimikatz,software,(Citation: Bizeul 2014)
803,G0011,PittyTiger,group,uses,S0012,PoisonIvy,software,(Citation: Villeneuve 2014)
2227,G0011,PittyTiger,group,uses,S0032,gh0st RAT,software,(Citation: Bizeul 2014)(Citation: Villeneuve 2014)
1595,G0011,PittyTiger,group,uses,S0008,gsecdump,software,(Citation: Bizeul 2014)
2651,G0024,Putter Panda,group,uses,S0066,3PARA RAT,software,(Citation: CrowdStrike Putter Panda)
712,G0024,Putter Panda,group,uses,S0065,4H RAT,software,(Citation: CrowdStrike Putter Panda)
645,G0024,Putter Panda,group,uses,S0068,httpclient,software,(Citation: CrowdStrike Putter Panda)
1576,G0024,Putter Panda,group,uses,S0067,pngdowner,software,(Citation: CrowdStrike Putter Panda)
252,G0048,RTM,group,uses,S0148,RTM,software,(Citation: ESET RTM Feb 2017)
1042,G0075,Rancor,group,uses,S0255,DDKONG,software,(Citation: Rancor Unit42 June 2018)
63,G0075,Rancor,group,uses,S0254,PLAINTEE,software,(Citation: Rancor Unit42 June 2018)
1549,G0075,Rancor,group,uses,S0075,Reg,software,(Citation: Rancor Unit42 June 2018)
258,G0075,Rancor,group,uses,S0160,certutil,software,(Citation: Rancor Unit42 June 2018)
2668,G0034,Sandworm Team,group,uses,S0089,BlackEnergy,software,(Citation: iSIGHT Sandworm 2014)(Citation: F-Secure BlackEnergy 2014)(Citation: US District Court Indictment GRU Unit 74455 October 2020)(Citation: UK NCSC Olympic Attacks October 2020)
4493,G0034,Sandworm Team,group,uses,S0401,Exaramel for Linux,software,(Citation: ESET TeleBots Oct 2018)(Citation: ANSSI Sandworm January 2021)
4492,G0034,Sandworm Team,group,uses,S0343,Exaramel for Windows,software,(Citation: ESET TeleBots Oct 2018)
5749,G0034,Sandworm Team,group,uses,S0604,Industroyer,software,(Citation: Dragos Crashoverride 2018)(Citation: Dragos Crashoverride 2017)(Citation: ESET Industroyer)
5548,G0034,Sandworm Team,group,uses,S0231,Invoke-PSImage,software,(Citation: US District Court Indictment GRU Unit 74455 October 2020)
5875,G0034,Sandworm Team,group,uses,S0607,KillDisk,software,(Citation: US District Court Indictment GRU Unit 74455 October 2020)
7367,G0034,Sandworm Team,group,uses,S0002,Mimikatz,software,(Citation: Dragos Crashoverride 2018)
7362,G0034,Sandworm Team,group,uses,S0039,Net,software,(Citation: Dragos Crashoverride 2018)
4495,G0034,Sandworm Team,group,uses,S0368,NotPetya,software,(Citation: NCSC Sandworm Feb 2020)(Citation: US District Court Indictment GRU Unit 74455 October 2020)(Citation: UK NCSC Olympic Attacks October 2020)
4494,G0034,Sandworm Team,group,uses,S0365,Olympic Destroyer,software,(Citation: CrowdStrike GTR 2019)(Citation: Secureworks IRON VIKING )(Citation: US District Court Indictment GRU Unit 74455 October 2020)(Citation: UK NCSC Olympic Attacks October 2020)
6414,G0034,Sandworm Team,group,uses,S0598,P.A.S. Webshell,software,(Citation: ANSSI Sandworm January 2021)
6975,G0034,Sandworm Team,group,uses,S0029,PsExec,software,(Citation: Dragos Crashoverride 2018)
57,G0029,Scarlet Mimic,group,uses,S0077,CallMe,software,(Citation: Scarlet Mimic Jan 2016)
116,G0029,Scarlet Mimic,group,uses,S0076,FakeM,software,(Citation: Scarlet Mimic Jan 2016)
2507,G0029,Scarlet Mimic,group,uses,S0079,MobileOrder,software,(Citation: Scarlet Mimic Jan 2016)
15,G0029,Scarlet Mimic,group,uses,S0078,Psylo,software,(Citation: Scarlet Mimic Jan 2016)
4227,G0104,Sharpshooter,group,uses,S0448,Rising Sun,software,
5911,G0121,Sidewinder,group,uses,S0250,Koadic,software,(Citation: ATT Sidewinder January 2021)
3981,G0091,Silence,group,uses,S0363,Empire,software,(Citation: Group IB Silence Aug 2019)
3980,G0091,Silence,group,uses,S0195,SDelete,software,(Citation: Group IB Silence Sept 2018)
3272,G0091,Silence,group,uses,S0191,Winexe,software,(Citation: SecureList Silence Nov 2017)
2296,G0083,SilverTerrier,group,uses,S0331,Agent Tesla,software,(Citation: Unit42 SilverTerrier 2018)
1975,G0083,SilverTerrier,group,uses,S0334,DarkComet,software,(Citation: Unit42 SilverTerrier 2018)
4278,G0083,SilverTerrier,group,uses,S0447,Lokibot,software,(Citation: Unit42 SilverTerrier 2018)
367,G0083,SilverTerrier,group,uses,S0198,NETWIRE,software,(Citation: Unit42 SilverTerrier 2018)
539,G0083,SilverTerrier,group,uses,S0336,NanoCore,software,(Citation: Unit42 SilverTerrier 2018)
1499,G0054,Sowbug,group,uses,S0171,Felismus,software,(Citation: Symantec Sowbug Nov 2017)
1353,G0054,Sowbug,group,uses,S0188,Starloader,software,(Citation: Symantec Sowbug Nov 2017)
410,G0041,Strider,group,uses,S0125,Remsec,software,(Citation: Symantec Strider Blog)(Citation: Kaspersky ProjectSauron Blog)
895,G0039,Suckfly,group,uses,S0118,Nidiran,software,(Citation: Symantec Suckfly March 2016)(Citation: Symantec Suckfly May 2016)
807,G0062,TA459,group,uses,S0033,NetTraveler,software,(Citation: Proofpoint TA459 April 2017)
1941,G0062,TA459,group,uses,S0013,PlugX,software,(Citation: Proofpoint TA459 April 2017)
149,G0062,TA459,group,uses,S0230,ZeroT,software,(Citation: Proofpoint TA459 April 2017)
845,G0062,TA459,group,uses,S0032,gh0st RAT,software,[TA459](https://attack.mitre.org/groups/G0062) has used a Gh0st variant known as PCrat/Gh0st.(Citation: Proofpoint TA459 April 2017)
7334,G0092,TA505,group,uses,S0611,Clop,software,(Citation: Unit42 Clop April 2021)(Citation: Cybereason Clop Dec 2020)
3299,G0092,TA505,group,uses,S0384,Dridex,software,(Citation: Proofpoint TA505 Sep 2017)(Citation: Proofpoint TA505 June 2018)(Citation: IBM TA505 April 2020)
3274,G0092,TA505,group,uses,S0381,FlawedAmmyy,software,(Citation: Proofpoint TA505 Mar 2018)(Citation: Trend Micro TA505 June 2019)(Citation: Proofpoint TA505 October 2019)
3296,G0092,TA505,group,uses,S0383,FlawedGrace,software,(Citation: Proofpoint TA505 Jan 2019)(Citation: Trend Micro TA505 June 2019)(Citation: Proofpoint TA505 October 2019)
4427,G0092,TA505,group,uses,S0460,Get2,software,(Citation: Proofpoint TA505 October 2019)
4399,G0092,TA505,group,uses,S0039,Net,software,(Citation: Trend Micro TA505 June 2019)
4426,G0092,TA505,group,uses,S0461,SDBbot,software,(Citation: Proofpoint TA505 October 2019)(Citation: IBM TA505 April 2020)
3283,G0092,TA505,group,uses,S0382,ServHelper,software,(Citation: Proofpoint TA505 Jan 2019)(Citation: Cybereason TA505 April 2019)(Citation: Deep Instinct TA505 Apr 2019)(Citation: Trend Micro TA505 June 2019)
3273,G0092,TA505,group,uses,S0266,TrickBot,software,(Citation: Proofpoint TA505 Sep 2017)(Citation: IBM TA505 April 2020)
6242,G0127,TA551,group,uses,S0483,IcedID,software,(Citation: Cybereason Valak May 2020)(Citation: Unit 42 Valak July 2020)(Citation: Unit 42 TA551 Jan 2021)(Citation: Secureworks GOLD CABIN)
7142,G0127,TA551,group,uses,S0650,QakBot,software,(Citation: ATT QakBot April 2021)
6244,G0127,TA551,group,uses,S0386,Ursnif,software,(Citation: Cybereason Valak May 2020)(Citation: Unit 42 Valak July 2020)(Citation: Unit 42 TA551 Jan 2021)(Citation: Secureworks GOLD CABIN)
6243,G0127,TA551,group,uses,S0476,Valak,software,(Citation: Cybereason Valak May 2020)(Citation: Unit 42 Valak July 2020)(Citation: Unit 42 TA551 Jan 2021)(Citation: Secureworks GOLD CABIN)
3045,G0088,TEMP.Veles,group,uses,S0002,Mimikatz,software,(Citation: FireEye TRITON 2019)
3044,G0088,TEMP.Veles,group,uses,S0029,PsExec,software,(Citation: FireEye TRITON 2019)(Citation: Dragos Xenotime 2018)
7170,G0139,TeamTNT,group,uses,S0601,Hildegard,software,(Citation: Unit 42 Hildegard Malware)
7171,G0139,TeamTNT,group,uses,S0349,LaZagne,software,(Citation: ATT TeamTNT Chimaera September 2020)
7172,G0139,TeamTNT,group,uses,S0179,MimiPenguin,software,(Citation: Palo Alto Black-T October 2020)
3234,G0089,The White Company,group,uses,S0198,NETWIRE,software,(Citation: Cylance Shaheen Nov 2018)
3247,G0089,The White Company,group,uses,S0379,Revenge RAT,software,(Citation: Cylance Shaheen Nov 2018)
717,G0028,Threat Group-1314,group,uses,S0039,Net,software,(Citation: Dell TG-1314)
1439,G0028,Threat Group-1314,group,uses,S0029,PsExec,software,(Citation: Dell TG-1314)
1560,G0027,Threat Group-3390,group,uses,S0073,ASPXSpy,software,[Threat Group-3390](https://attack.mitre.org/groups/G0027) has used a modified version of ASPXSpy called ASPXTool.(Citation: Dell TG-3390)
2417,G0027,Threat Group-3390,group,uses,S0020,China Chopper,software,(Citation: Dell TG-3390)(Citation: SecureWorks BRONZE UNION June 2017)(Citation: Nccgroup Emissary Panda May 2018)(Citation: Unit42 Emissary Panda May 2019)
2085,G0027,Threat Group-3390,group,uses,S0070,HTTPBrowser,software,(Citation: Dell TG-3390)(Citation: SecureWorks BRONZE UNION June 2017)(Citation: Nccgroup Emissary Panda May 2018)
3521,G0027,Threat Group-3390,group,uses,S0398,HyperBro,software,(Citation: Unit42 Emissary Panda May 2019)(Citation: Securelist LuckyMouse June 2018)(Citation: Hacker News LuckyMouse June 2018)
3522,G0027,Threat Group-3390,group,uses,S0357,Impacket,software,(Citation: Unit42 Emissary Panda May 2019)
2602,G0027,Threat Group-3390,group,uses,S0002,Mimikatz,software,[Threat Group-3390](https://attack.mitre.org/groups/G0027) has used a modified version of Mimikatz called Wrapikatz.(Citation: SecureWorks BRONZE UNION June 2017)(Citation: Nccgroup Emissary Panda May 2018)
6213,G0027,Threat Group-3390,group,uses,S0590,NBTscan,software,(Citation: Dell TG-3390)
459,G0027,Threat Group-3390,group,uses,S0039,Net,software,(Citation: SecureWorks BRONZE UNION June 2017)
107,G0027,Threat Group-3390,group,uses,S0072,OwaAuth,software,(Citation: Dell TG-3390)(Citation: SecureWorks BRONZE UNION June 2017)
1493,G0027,Threat Group-3390,group,uses,S0013,PlugX,software,(Citation: Dell TG-3390)(Citation: SecureWorks BRONZE UNION June 2017)(Citation: Nccgroup Emissary Panda May 2018)
1783,G0027,Threat Group-3390,group,uses,S0005,Windows Credential Editor,software,(Citation: Dell TG-3390)
3648,G0027,Threat Group-3390,group,uses,S0412,ZxShell,software,(Citation: Secureworks BRONZEUNION Feb 2019)
3647,G0027,Threat Group-3390,group,uses,S0032,gh0st RAT,software,(Citation: Secureworks BRONZEUNION Feb 2019)
2736,G0027,Threat Group-3390,group,uses,S0008,gsecdump,software,(Citation: Dell TG-3390)
881,G0027,Threat Group-3390,group,uses,S0100,ipconfig,software,(Citation: SecureWorks BRONZE UNION June 2017)
3520,G0027,Threat Group-3390,group,uses,S0006,pwdump,software,(Citation: Unit42 Emissary Panda May 2019)
484,G0076,Thrip,group,uses,S0261,Catchamas,software,(Citation: Symantec Thrip June 2018)
1257,G0076,Thrip,group,uses,S0002,Mimikatz,software,(Citation: Symantec Thrip June 2018)
2709,G0076,Thrip,group,uses,S0029,PsExec,software,[Thrip](https://attack.mitre.org/groups/G0076) used PsExec to move laterally between computers on the victim’s network.(Citation: Symantec Thrip June 2018)
6477,G0131,Tonto Team,group,uses,S0268,Bisonal,software,(Citation: Kaspersky CactusPete Aug 2020)(Citation: Secureworks BRONZE HUNTLEY )
7370,G0131,Tonto Team,group,uses,S0349,LaZagne,software,(Citation: TrendMicro Tonto Team October 2020)
6478,G0131,Tonto Team,group,uses,S0002,Mimikatz,software,(Citation: Kaspersky CactusPete Aug 2020)
7372,G0131,Tonto Team,group,uses,S0590,NBTscan,software,(Citation: TrendMicro Tonto Team October 2020)
6476,G0131,Tonto Team,group,uses,S0596,ShadowPad,software,(Citation: Kaspersky CactusPete Aug 2020)
7371,G0131,Tonto Team,group,uses,S0008,gsecdump,software,(Citation: TrendMicro Tonto Team October 2020)
6898,G0134,Transparent Tribe,group,uses,S0115,Crimson,software,(Citation: Proofpoint Operation Transparent Tribe March 2016)
6940,G0134,Transparent Tribe,group,uses,S0334,DarkComet,software,(Citation: Unit 42 ProjectM March 2016)
6939,G0134,Transparent Tribe,group,uses,S0644,ObliqueRAT,software,(Citation: Talos Oblique RAT March 2021)
6941,G0134,Transparent Tribe,group,uses,S0643,Peppy,software,(Citation: Unit 42 ProjectM March 2016)
6900,G0134,Transparent Tribe,group,uses,S0385,njRAT,software,(Citation: Proofpoint Operation Transparent Tribe March 2016)
3616,G0081,Tropic Trooper,group,uses,S0190,BITSAdmin,software,(Citation: TrendMicro Tropic Trooper Mar 2018)
3409,G0081,Tropic Trooper,group,uses,S0387,KeyBoy,software,(Citation: Unit 42 Tropic Trooper Nov 2016)(Citation: CitizenLab Tropic Trooper Aug 2018)
1272,G0081,Tropic Trooper,group,uses,S0012,PoisonIvy,software,(Citation: Unit 42 Tropic Trooper Nov 2016)
6274,G0081,Tropic Trooper,group,uses,S0596,ShadowPad,software,(Citation: Recorded Future RedEcho Feb 2021)
4287,G0081,Tropic Trooper,group,uses,S0452,USBferry,software,(Citation: TrendMicro Tropic Trooper May 2020)
3410,G0081,Tropic Trooper,group,uses,S0388,YAHOYAH,software,(Citation: TrendMicro TropicTrooper 2015)
1102,G0010,Turla,group,uses,S0099,Arp,software,(Citation: Kaspersky Turla)
2749,G0010,Turla,group,uses,S0335,Carbon,software,(Citation: ESET Carbon Mar 2017)
2640,G0010,Turla,group,uses,S0126,ComRAT,software,(Citation: Symantec Waterbug)(Citation: Unit 42 IronNetInjector February 2021 )
5587,G0010,Turla,group,uses,S0538,Crutch,software,(Citation: ESET Crutch December 2020)
2951,G0010,Turla,group,uses,S0363,Empire,software,(Citation: ESET Turla August 2018)(Citation: ESET Crutch December 2020)
837,G0010,Turla,group,uses,S0091,Epic,software,(Citation: Kaspersky Turla)
56,G0010,Turla,group,uses,S0168,Gazer,software,(Citation: ESET Gazer Aug 2017)
5576,G0010,Turla,group,uses,S0537,HyperStack,software,(Citation: Accenture HyperStack October 2020)
6056,G0010,Turla,group,uses,S0581,IronNetInjector,software,(Citation: Unit 42 IronNetInjector February 2021 )
2050,G0010,Turla,group,uses,S0265,Kazuar,software,(Citation: Unit 42 Kazuar May 2017)
3487,G0010,Turla,group,uses,S0395,LightNeuron,software,(Citation: ESET LightNeuron May 2019)
1094,G0010,Turla,group,uses,S0002,Mimikatz,software,(Citation: ESET Turla Mosquito May 2018)(Citation: Symantec Waterbug Jun 2019)
693,G0010,Turla,group,uses,S0256,Mosquito,software,(Citation: ESET Turla Mosquito Jan 2018)(Citation: ESET Turla Mosquito May 2018)
6214,G0010,Turla,group,uses,S0590,NBTscan,software,(Citation: Symantec Waterbug Jun 2019)
1635,G0010,Turla,group,uses,S0039,Net,software,(Citation: Kaspersky Turla)
6150,G0010,Turla,group,uses,S0587,Penquin,software,(Citation: Leonardo Turla Penquin May 2020)
3446,G0010,Turla,group,uses,S0393,PowerStallion,software,(Citation: ESET Turla PowerShell May 2019)
3509,G0010,Turla,group,uses,S0029,PsExec,software,(Citation: Symantec Waterbug Jun 2019)
726,G0010,Turla,group,uses,S0075,Reg,software,(Citation: Kaspersky Turla)
2642,G0010,Turla,group,uses,S0096,Systeminfo,software,(Citation: Kaspersky Turla)
219,G0010,Turla,group,uses,S0057,Tasklist,software,(Citation: Kaspersky Turla)
1032,G0010,Turla,group,uses,S0022,Uroburos,software,(Citation: Kaspersky Turla)
3510,G0010,Turla,group,uses,S0160,certutil,software,(Citation: Symantec Waterbug Jun 2019)
1046,G0010,Turla,group,uses,S0102,nbtstat,software,(Citation: Kaspersky Turla)
1061,G0010,Turla,group,uses,S0104,netstat,software,(Citation: Kaspersky Turla)
5985,G0123,Volatile Cedar,group,uses,S0572,Caterpillar WebShell,software,(Citation: ClearSky Lebanese Cedar Jan 2021)(Citation: CheckPoint Volatile Cedar March 2015)
5934,G0123,Volatile Cedar,group,uses,S0569,Explosive,software,(Citation: CheckPoint Volatile Cedar March 2015)(Citation: ClearSky Lebanese Cedar Jan 2021)
3271,G0090,WIRTE,group,uses,S0363,Empire,software,(Citation: Lab52 WIRTE Apr 2019)
4320,G0107,Whitefly,group,uses,S0002,Mimikatz,software,(Citation: Symantec Whitefly March 2019)
5990,G0124,Windigo,group,uses,S0377,Ebury,software,(Citation: ESET Ebury Oct 2017)
4634,G0112,Windshift,group,uses,S0466,WindTail,software,(Citation: SANS Windshift August 2018)(Citation: objective-see windtail1 dec 2018)(Citation: objective-see windtail2 jan 2019)
5061,G0044,Winnti Group,group,uses,S0501,PipeMon,software,(Citation: ESET PipeMon May 2020)
413,G0044,Winnti Group,group,uses,S0141,Winnti for Windows,software,(Citation: Kaspersky Winnti April 2013)(Citation: Kaspersky Winnti June 2015)
5679,G0102,Wizard Spider,group,uses,S0552,AdFind,software,(Citation: FireEye Ryuk and Trickbot January 2019)(Citation: DFIR Ryuk's Return October 2020)(Citation: DFIR Ryuk 2 Hour Speed Run November 2020)(Citation: Red Canary Hospital Thwarted Ryuk October 2020)
6604,G0102,Wizard Spider,group,uses,S0534,Bazar,software,(Citation: CrowdStrike Wizard Spider October 2020)
5394,G0102,Wizard Spider,group,uses,S0521,BloodHound,software,(Citation: DHS/CISA Ransomware Targeting Healthcare October 2020)(Citation: FireEye KEGTAP SINGLEMALT October 2020)(Citation: Sophos New Ryuk Attack October 2020)
5396,G0102,Wizard Spider,group,uses,S0154,Cobalt Strike,software,(Citation: FireEye KEGTAP SINGLEMALT October 2020)(Citation: DHS/CISA Ransomware Targeting Healthcare October 2020)(Citation: DFIR Ryuk's Return October 2020)(Citation: DFIR Ryuk 2 Hour Speed Run November 2020)(Citation: DFIR Ryuk in 5 Hours October 2020)(Citation: Sophos New Ryuk Attack October 2020)(Citation: CrowdStrike Wizard Spider October 2020)
6603,G0102,Wizard Spider,group,uses,S0575,Conti,software,(Citation: CrowdStrike Wizard Spider October 2020)
4541,G0102,Wizard Spider,group,uses,S0024,Dyre,software,(Citation: Forbes Dyre May 2017)(Citation: CrowdStrike Wizard Spider March 2019)(Citation: Malwarebytes TrickBot Sep 2019)
4133,G0102,Wizard Spider,group,uses,S0367,Emotet,software,(Citation: CrowdStrike Grim Spider May 2019)(Citation: Sophos New Ryuk Attack October 2020)
4132,G0102,Wizard Spider,group,uses,S0363,Empire,software,(Citation: CrowdStrike Grim Spider May 2019)(Citation: DHS/CISA Ransomware Targeting Healthcare October 2020)(Citation: FireEye KEGTAP SINGLEMALT October 2020)
6734,G0102,Wizard Spider,group,uses,S0632,GrimAgent,software,(Citation: Group IB GrimAgent July 2021)
5395,G0102,Wizard Spider,group,uses,S0002,Mimikatz,software,(Citation: FireEye KEGTAP SINGLEMALT October 2020)(Citation: DHS/CISA Ransomware Targeting Healthcare October 2020)
4175,G0102,Wizard Spider,group,uses,S0039,Net,software,(Citation: CrowdStrike Ryuk January 2019)(Citation: Red Canary Hospital Thwarted Ryuk October 2020)(Citation: FireEye KEGTAP SINGLEMALT October 2020)(Citation: DFIR Ryuk's Return October 2020)(Citation: DFIR Ryuk 2 Hour Speed Run November 2020)(Citation: DFIR Ryuk in 5 Hours October 2020)(Citation: Sophos New Ryuk Attack October 2020)
5392,G0102,Wizard Spider,group,uses,S0359,Nltest,software,(Citation: FireEye KEGTAP SINGLEMALT October 2020)(Citation: DFIR Ryuk's Return October 2020)(Citation: DFIR Ryuk 2 Hour Speed Run November 2020)(Citation: DFIR Ryuk in 5 Hours October 2020)(Citation: Sophos New Ryuk Attack October 2020)(Citation: Red Canary Hospital Thwarted Ryuk October 2020)
5393,G0102,Wizard Spider,group,uses,S0097,Ping,software,(Citation: DFIR Ryuk's Return October 2020)(Citation: DHS/CISA Ransomware Targeting Healthcare October 2020)(Citation: DFIR Ryuk in 5 Hours October 2020)
4130,G0102,Wizard Spider,group,uses,S0029,PsExec,software,(Citation: CrowdStrike Grim Spider May 2019)(Citation: FireEye KEGTAP SINGLEMALT October 2020)
4174,G0102,Wizard Spider,group,uses,S0446,Ryuk,software,(Citation: CrowdStrike Ryuk January 2019)(Citation: Red Canary Hospital Thwarted Ryuk October 2020)(Citation: DHS/CISA Ransomware Targeting Healthcare October 2020)(Citation: FireEye KEGTAP SINGLEMALT October 2020)(Citation: DFIR Ryuk's Return October 2020)(Citation: DFIR Ryuk 2 Hour Speed Run November 2020)(Citation: DFIR Ryuk in 5 Hours October 2020)(Citation: Sophos New Ryuk Attack October 2020)(Citation: CrowdStrike Wizard Spider October 2020)
4131,G0102,Wizard Spider,group,uses,S0266,TrickBot,software,(Citation: CrowdStrike Grim Spider May 2019)(Citation: DHS/CISA Ransomware Targeting Healthcare October 2020)(Citation: Sophos New Ryuk Attack October 2020)(Citation: CrowdStrike Wizard Spider October 2020)
1041,G0018,admin@338,group,uses,S0043,BUBBLEWRAP,software,(Citation: FireEye admin@338)
1472,G0018,admin@338,group,uses,S0042,LOWBALL,software,(Citation: FireEye admin@338)
1168,G0018,admin@338,group,uses,S0039,Net,software,(Citation: FireEye admin@338)
610,G0018,admin@338,group,uses,S0012,PoisonIvy,software,(Citation: FireEye admin@338)
2604,G0018,admin@338,group,uses,S0096,Systeminfo,software,(Citation: FireEye admin@338)
465,G0018,admin@338,group,uses,S0100,ipconfig,software,(Citation: FireEye admin@338)
990,G0018,admin@338,group,uses,S0104,netstat,software,(Citation: FireEye admin@338)
5680,G0045,menuPass,group,uses,S0552,AdFind,software,(Citation: Symantec Cicada November 2020)
2146,G0045,menuPass,group,uses,S0144,ChChes,software,(Citation: PWC Cloud Hopper Technical Annex April 2017)
6624,G0045,menuPass,group,uses,S0154,Cobalt Strike,software,(Citation: Securelist APT10 March 2021)
6630,G0045,menuPass,group,uses,S0624,Ecipekac,software,(Citation: Securelist APT10 March 2021)
2752,G0045,menuPass,group,uses,S0152,EvilGrab,software,(Citation: PWC Cloud Hopper Technical Annex April 2017)
6659,G0045,menuPass,group,uses,S0628,FYAnti,software,(Citation: Securelist APT10 March 2021)
1956,G0045,menuPass,group,uses,S0357,Impacket,software,(Citation: PWC Cloud Hopper Technical Annex April 2017)
780,G0045,menuPass,group,uses,S0002,Mimikatz,software,(Citation: PWC Cloud Hopper Technical Annex April 2017)
108,G0045,menuPass,group,uses,S0039,Net,software,(Citation: PWC Cloud Hopper Technical Annex April 2017)
6629,G0045,menuPass,group,uses,S0626,P8RAT,software,(Citation: Securelist APT10 March 2021)
1501,G0045,menuPass,group,uses,S0097,Ping,software,(Citation: PWC Cloud Hopper Technical Annex April 2017)(Citation: FireEye APT10 April 2017)
1833,G0045,menuPass,group,uses,S0013,PlugX,software,(Citation: PWC Cloud Hopper Technical Annex April 2017)(Citation: FireEye APT10 April 2017)(Citation: DOJ APT10 Dec 2018)
725,G0045,menuPass,group,uses,S0012,PoisonIvy,software,(Citation: PWC Cloud Hopper Technical Annex April 2017)(Citation: District Court of NY APT10 Indictment December 2018)
261,G0045,menuPass,group,uses,S0194,PowerSploit,software,(Citation: PWC Cloud Hopper Technical Annex April 2017)
2220,G0045,menuPass,group,uses,S0029,PsExec,software,(Citation: PWC Cloud Hopper Technical Annex April 2017)(Citation: FireEye APT10 April 2017)
3083,G0045,menuPass,group,uses,S0262,QuasarRAT,software,(Citation: DOJ APT10 Dec 2018)(Citation: Symantec Cicada November 2020)(Citation: Securelist APT10 March 2021)
2444,G0045,menuPass,group,uses,S0153,RedLeaves,software,(Citation: PWC Cloud Hopper Technical Annex April 2017)(Citation: DOJ APT10 Dec 2018)
1112,G0045,menuPass,group,uses,S0159,SNUGRIDE,software,(Citation: FireEye APT10 April 2017)
6660,G0045,menuPass,group,uses,S0627,SodaMaster,software,(Citation: Securelist APT10 March 2021)
1169,G0045,menuPass,group,uses,S0275,UPPERCUT,software,(Citation: FireEye APT10 Sept 2018)
960,G0045,menuPass,group,uses,S0160,certutil,software,(Citation: Accenture Hogfish April 2018)(Citation: FireEye APT10 Sept 2018)(Citation: Symantec Cicada November 2020)
1539,G0045,menuPass,group,uses,S0106,cmd,software,(Citation: PWC Cloud Hopper Technical Annex April 2017)
3564,G0045,menuPass,group,uses,S0404,esentutl,software,(Citation: FireEye APT10 Sept 2018)
1010,G0045,menuPass,group,uses,S0006,pwdump,software,(Citation: PWC Cloud Hopper Technical Annex April 2017)
