,ID,name,description,url,detection
0,T1005,Data from Local System,"Adversaries may search local system sources, such as file systems or local databases, to find files of interest and sensitive data prior to Exfiltration.

Adversaries may do this using a [Command and Scripting Interpreter](https://attack.mitre.org/techniques/T1059), such as [cmd](https://attack.mitre.org/software/S0106), which has functionality to interact with the file system to gather information. Some adversaries may also use [Automated Collection](https://attack.mitre.org/techniques/T1119) on the local system.
",https://attack.mitre.org/techniques/T1005,Monitor processes and command-line arguments for actions that could be taken to collect files from a system. Remote access tools with built-in features may interact directly with the Windows API to gather data. Data may also be acquired through Windows system management tools such as [Windows Management Instrumentation](https://attack.mitre.org/techniques/T1047) and [PowerShell](https://attack.mitre.org/techniques/T1059/001).
1,T1020,Automated Exfiltration,"Adversaries may exfiltrate data, such as sensitive documents, through the use of automated processing after being gathered during Collection. 

When automated exfiltration is used, other exfiltration techniques likely apply as well to transfer the information out of the network, such as [Exfiltration Over C2 Channel](https://attack.mitre.org/techniques/T1041) and [Exfiltration Over Alternative Protocol](https://attack.mitre.org/techniques/T1048).",https://attack.mitre.org/techniques/T1020,Monitor process file access patterns and network behavior. Unrecognized processes or scripts that appear to be traversing file systems and sending network traffic may be suspicious.
2,T1020.001,Traffic Duplication,"Adversaries may leverage traffic mirroring in order to automate data exfiltration over compromised network infrastructure.  Traffic mirroring is a native feature for some network devices and used for network analysis and may be configured to duplicate traffic and forward to one or more destinations for analysis by a network analyzer or other monitoring device. (Citation: Cisco Traffic Mirroring) (Citation: Juniper Traffic Mirroring)

Adversaries may abuse traffic mirroring to mirror or redirect network traffic through other network infrastructure they control. Malicious modifications to network devices to enable traffic redirection may be possible through [ROMMONkit](https://attack.mitre.org/techniques/T1542/004) or [Patch System Image](https://attack.mitre.org/techniques/T1601/001).(Citation: US-CERT-TA18-106A)(Citation: Cisco Blog Legacy Device Attacks) Adversaries may use traffic duplication in conjunction with [Network Sniffing](https://attack.mitre.org/techniques/T1040), [Input Capture](https://attack.mitre.org/techniques/T1056), or [Adversary-in-the-Middle](https://attack.mitre.org/techniques/T1557) depending on the goals and objectives of the adversary.",https://attack.mitre.org/techniques/T1020/001,"Monitor network traffic for uncommon data flows (e.g. unusual network communications, suspicious communications that have never been seen before, communications sending fixed size data packets at regular intervals).  Analyze packet contents to detect communications that do not follow the expected protocol behavior for the port that is being used. "
3,T1021,Remote Services,"Adversaries may use [Valid Accounts](https://attack.mitre.org/techniques/T1078) to log into a service specifically designed to accept remote connections, such as telnet, SSH, and VNC. The adversary may then perform actions as the logged-on user.

In an enterprise environment, servers and workstations can be organized into domains. Domains provide centralized identity management, allowing users to login using one set of credentials across the entire network. If an adversary is able to obtain a set of valid domain credentials, they could login to many different machines using remote access protocols such as secure shell (SSH) or remote desktop protocol (RDP).(Citation: SSH Secure Shell)(Citation: TechNet Remote Desktop Services)

Legitimate applications (such as [Software Deployment Tools](https://attack.mitre.org/techniques/T1072) and other administrative programs) may utilize [Remote Services](https://attack.mitre.org/techniques/T1021) to access remote hosts. For example, Apple Remote Desktop (ARD) on macOS is native software used for remote management. ARD leverages a blend of protocols, including [VNC](https://attack.mitre.org/techniques/T1021/005) to send the screen and control buffers and [SSH](https://attack.mitre.org/techniques/T1021/004) for secure file transfer.(Citation: Remote Management MDM macOS)(Citation: Kickstart Apple Remote Desktop commands)(Citation: Apple Remote Desktop Admin Guide 3.3) Adversaries can abuse applications such as ARD to gain remote code execution and perform lateral movement. In versions of macOS prior to 10.14, an adversary can escalate an SSH session to an ARD session which enables an adversary to accept TCC (Transparency, Consent, and Control) prompts without user interaction and gain access to data.(Citation: FireEye 2019 Apple Remote Desktop)(Citation: Lockboxx ARD 2019)(Citation: Kickstart Apple Remote Desktop commands)",https://attack.mitre.org/techniques/T1021,"Correlate use of login activity related to remote services with unusual behavior or other malicious or suspicious activity. Adversaries will likely need to learn about an environment and the relationships between systems through Discovery techniques prior to attempting Lateral Movement. 

Use of applications such as ARD may be legitimate depending on the environment and how it’s used. Other factors, such as access patterns and activity that occurs after a remote login, may indicate suspicious or malicious behavior using these applications. Monitor for user accounts logged into systems they would not normally access or access patterns to multiple systems over a relatively short period of time. 

In macOS, you can review logs for ""screensharingd"" and ""Authentication"" event messages. Monitor network connections regarding remote management (ports tcp:3283 and tcp:5900) and for remote login (port tcp:22).(Citation: Lockboxx ARD 2019)(Citation: Apple Unified Log Analysis Remote Login and Screen Sharing)"
4,T1021.003,Distributed Component Object Model,"Adversaries may use [Valid Accounts](https://attack.mitre.org/techniques/T1078) to interact with remote machines by taking advantage of Distributed Component Object Model (DCOM). The adversary may then perform actions as the logged-on user.

The Windows Component Object Model (COM) is a component of the native Windows application programming interface (API) that enables interaction between software objects, or executable code that implements one or more interfaces. Through COM, a client object can call methods of server objects, which are typically Dynamic Link Libraries (DLL) or executables (EXE). Distributed COM (DCOM) is transparent middleware that extends the functionality of COM beyond a local computer using remote procedure call (RPC) technology.(Citation: Fireeye Hunting COM June 2019)(Citation: Microsoft COM)

Permissions to interact with local and remote server COM objects are specified by access control lists (ACL) in the Registry.(Citation: Microsoft Process Wide Com Keys) By default, only Administrators may remotely activate and launch COM objects through DCOM.(Citation: Microsoft COM ACL)

Through DCOM, adversaries operating in the context of an appropriately privileged user can remotely obtain arbitrary and even direct shellcode execution through Office applications(Citation: Enigma Outlook DCOM Lateral Movement Nov 2017) as well as other Windows objects that contain insecure methods.(Citation: Enigma MMC20 COM Jan 2017)(Citation: Enigma DCOM Lateral Movement Jan 2017) DCOM can also execute macros in existing documents(Citation: Enigma Excel DCOM Sept 2017) and may also invoke [Dynamic Data Exchange](https://attack.mitre.org/techniques/T1559/002) (DDE) execution directly through a COM created instance of a Microsoft Office application(Citation: Cyberreason DCOM DDE Lateral Movement Nov 2017), bypassing the need for a malicious document. DCOM can be used as a method of remotely interacting with [Windows Management Instrumentation](https://attack.mitre.org/techniques/T1047). (Citation: MSDN WMI)",https://attack.mitre.org/techniques/T1021/003,"Monitor for COM objects loading DLLs and other modules not typically associated with the application.(Citation: Enigma Outlook DCOM Lateral Movement Nov 2017) Enumeration of COM objects, via [Query Registry](https://attack.mitre.org/techniques/T1012) or [PowerShell](https://attack.mitre.org/techniques/T1059/001), may also proceed malicious use.(Citation: Fireeye Hunting COM June 2019)(Citation: Enigma MMC20 COM Jan 2017) Monitor for spawning of processes associated with COM objects, especially those invoked by a user different than the one currently logged on.

Monitor for any influxes or abnormal increases in DCOM related Distributed Computing Environment/Remote Procedure Call (DCE/RPC) traffic (typically over port 135)."
5,T1021.004,SSH,"Adversaries may use [Valid Accounts](https://attack.mitre.org/techniques/T1078) to log into remote machines using Secure Shell (SSH). The adversary may then perform actions as the logged-on user.

SSH is a protocol that allows authorized users to open remote shells on other computers. Many Linux and macOS versions come with SSH installed by default, although typically disabled until the user enables it. The SSH server can be configured to use standard password authentication or public-private keypairs in lieu of or in addition to a password. In this authentication scenario, the user’s public key must be in a special file on the computer running the server that lists which keypairs are allowed to login as that user.",https://attack.mitre.org/techniques/T1021/004,"Use of SSH may be legitimate depending on the environment and how it’s used. Other factors, such as access patterns and activity that occurs after a remote login, may indicate suspicious or malicious behavior with SSH. Monitor for user accounts logged into systems they would not normally access or access patterns to multiple systems over a relatively short period of time.

On macOS systems <code>log show --predicate 'process = ""sshd""'</code> can be used to review incoming SSH connection attempts for suspicious activity. The command <code>log show --info --predicate 'process = ""ssh"" or eventMessage contains ""ssh""'</code> can be used to review outgoing SSH connection activity.(Citation: Apple Unified Log Analysis Remote Login and Screen Sharing)

On Linux systems SSH activity can be found in the logs located in <code>/var/log/auth.log</code> or <code>/var/log/secure</code> depending on the distro you are using."
6,T1021.005,VNC,"Adversaries may use [Valid Accounts](https://attack.mitre.org/techniques/T1078) to remotely control machines using Virtual Network Computing (VNC).  VNC is a platform-independent desktop sharing system that uses the RFB (“remote framebuffer”) protocol to enable users to remotely control another computer’s display by relaying the screen, mouse, and keyboard inputs over the network.(Citation: The Remote Framebuffer Protocol)

VNC differs from [Remote Desktop Protocol](https://attack.mitre.org/techniques/T1021/001) as VNC is screen-sharing software rather than resource-sharing software. By default, VNC uses the system's authentication, but it can be configured to use credentials specific to VNC.(Citation: MacOS VNC software for Remote Desktop)(Citation: VNC Authentication)

Adversaries may abuse VNC to perform malicious actions as the logged-on user such as opening documents, downloading files, and running arbitrary commands. An adversary could use VNC to remotely control and monitor a system to collect data and information to pivot to other systems within the network. Specific VNC libraries/implementations have also been susceptible to brute force attacks and memory usage exploitation.(Citation: Hijacking VNC)(Citation: macOS root VNC login without authentication)(Citation: VNC Vulnerabilities)(Citation: Offensive Security VNC Authentication Check)(Citation: Attacking VNC Servers PentestLab)(Citation: Havana authentication bug)",https://attack.mitre.org/techniques/T1021/005,"Use of VNC may be legitimate depending on the environment and how it’s used. Other factors, such as access patterns and activity that occurs after a remote login, may indicate suspicious or malicious behavior using VNC.

On macOS systems <code>log show --predicate 'process = ""screensharingd"" and eventMessage contains ""Authentication:""'</code> can be used to review incoming VNC connection attempts for suspicious activity.(Citation: Apple Unified Log Analysis Remote Login and Screen Sharing)

Monitor for use of built-in debugging environment variables (such as those containing credentials or other sensitive information) as well as test/default users on VNC servers, as these can leave openings for adversaries to abuse.(Citation: Gnome Remote Desktop grd-settings)(Citation: Gnome Remote Desktop gschema)"
7,T1021.006,Windows Remote Management,"Adversaries may use [Valid Accounts](https://attack.mitre.org/techniques/T1078) to interact with remote systems using Windows Remote Management (WinRM). The adversary may then perform actions as the logged-on user.

WinRM is the name of both a Windows service and a protocol that allows a user to interact with a remote system (e.g., run an executable, modify the Registry, modify services).(Citation: Microsoft WinRM) It may be called with the `winrm` command or by any number of programs such as PowerShell.(Citation: Jacobsen 2014) WinRM  can be used as a method of remotely interacting with [Windows Management Instrumentation](https://attack.mitre.org/techniques/T1047).(Citation: MSDN WMI)",https://attack.mitre.org/techniques/T1021/006,"Monitor use of WinRM within an environment by tracking service execution. If it is not normally used or is disabled, then this may be an indicator of suspicious behavior.  Monitor processes created and actions taken by the WinRM process or a WinRM invoked script to correlate it with other related events.(Citation: Medium Detecting Lateral Movement) Also monitor for remote WMI connection attempts (typically over port 5985 when using HTTP and 5986 for HTTPS)."
8,T1025,Data from Removable Media,"Adversaries may search connected removable media on computers they have compromised to find files of interest. Sensitive data can be collected from any removable media (optical disk drive, USB memory, etc.) connected to the compromised system prior to Exfiltration. Interactive command shells may be in use, and common functionality within [cmd](https://attack.mitre.org/software/S0106) may be used to gather information. 

Some adversaries may also use [Automated Collection](https://attack.mitre.org/techniques/T1119) on removable media.",https://attack.mitre.org/techniques/T1025,Monitor processes and command-line arguments for actions that could be taken to collect files from a system's connected removable media. Remote access tools with built-in features may interact directly with the Windows API to gather data. Data may also be acquired through Windows system management tools such as [Windows Management Instrumentation](https://attack.mitre.org/techniques/T1047) and [PowerShell](https://attack.mitre.org/techniques/T1059/001).
9,T1041,Exfiltration Over C2 Channel,Adversaries may steal data by exfiltrating it over an existing command and control channel. Stolen data is encoded into the normal communications channel using the same protocol as command and control communications.,https://attack.mitre.org/techniques/T1041,"Analyze network data for uncommon data flows (e.g., a client sending significantly more data than it receives from a server). Processes utilizing the network that do not normally have network communication or have never been seen before are suspicious. Analyze packet contents to detect communications that do not follow the expected protocol behavior for the port that is being used. (Citation: University of Birmingham C2)"
10,T1048,Exfiltration Over Alternative Protocol,"Adversaries may steal data by exfiltrating it over a different protocol than that of the existing command and control channel. The data may also be sent to an alternate network location from the main command and control server.  

Alternate protocols include FTP, SMTP, HTTP/S, DNS, SMB, or any other network protocol not being used as the main command and control channel. Different protocol channels could also include Web services such as cloud storage. Adversaries may also opt to encrypt and/or obfuscate these alternate channels. 

[Exfiltration Over Alternative Protocol](https://attack.mitre.org/techniques/T1048) can be done using various common operating system utilities such as [Net](https://attack.mitre.org/software/S0039)/SMB or FTP.(Citation: Palo Alto OilRig Oct 2016) On macOS and Linux <code>curl</code> may be used to invoke protocols such as HTTP/S or FTP/S to exfiltrate data from a system.(Citation: 20 macOS Common Tools and Techniques) ",https://attack.mitre.org/techniques/T1048,"Analyze network data for uncommon data flows (e.g., a client sending significantly more data than it receives from a server). Processes utilizing the network that do not normally have network communication or have never been seen before are suspicious. Analyze packet contents to detect communications that do not follow the expected protocol behavior for the port that is being used. (Citation: University of Birmingham C2)"
11,T1048.002,Exfiltration Over Asymmetric Encrypted Non-C2 Protocol,"Adversaries may steal data by exfiltrating it over an asymmetrically encrypted network protocol other than that of the existing command and control channel. The data may also be sent to an alternate network location from the main command and control server. 

Asymmetric encryption algorithms are those that use different keys on each end of the channel. Also known as public-key cryptography, this requires pairs of cryptographic keys that can encrypt/decrypt data from the corresponding key. Each end of the communication channels requires a private key (only in the procession of that entity) and the public key of the other entity. The public keys of each entity are exchanged before encrypted communications begin. 

Network protocols that use asymmetric encryption (such as HTTPS/TLS/SSL) often utilize symmetric encryption once keys are exchanged. Adversaries may opt to use these encrypted mechanisms that are baked into a protocol. ",https://attack.mitre.org/techniques/T1048/002,"Analyze network data for uncommon data flows (e.g., a client sending significantly more data than it receives from a server). Processes utilizing the network that do not normally have network communication or have never been seen before are suspicious.(Citation: University of Birmingham C2) "
12,T1048.003,Exfiltration Over Unencrypted/Obfuscated Non-C2 Protocol,"Adversaries may steal data by exfiltrating it over an un-encrypted network protocol other than that of the existing command and control channel. The data may also be sent to an alternate network location from the main command and control server. 

Adversaries may opt to obfuscate this data, without the use of encryption, within network protocols that are natively unencrypted (such as HTTP, FTP, or DNS). This may include custom or publicly available encoding/compression algorithms (such as base64) as well as embedding data within protocol headers and fields. ",https://attack.mitre.org/techniques/T1048/003,"Analyze network data for uncommon data flows (e.g., a client sending significantly more data than it receives from a server). Processes utilizing the network that do not normally have network communication or have never been seen before are suspicious. Analyze packet contents to detect communications that do not follow the expected protocol behavior for the port that is being used. (Citation: University of Birmingham C2) "
13,T1052.001,Exfiltration over USB,"Adversaries may attempt to exfiltrate data over a USB connected physical device. In certain circumstances, such as an air-gapped network compromise, exfiltration could occur via a USB device introduced by a user. The USB device could be used as the final exfiltration point or to hop between otherwise disconnected systems.",https://attack.mitre.org/techniques/T1052/001,Monitor file access on removable media. Detect processes that execute when removable media are mounted.
14,T1056,Input Capture,"Adversaries may use methods of capturing user input to obtain credentials or collect information. During normal system usage, users often provide credentials to various different locations, such as login pages/portals or system dialog boxes. Input capture mechanisms may be transparent to the user (e.g. [Credential API Hooking](https://attack.mitre.org/techniques/T1056/004)) or rely on deceiving the user into providing input into what they believe to be a genuine service (e.g. [Web Portal Capture](https://attack.mitre.org/techniques/T1056/003)).",https://attack.mitre.org/techniques/T1056,"Detection may vary depending on how input is captured but may include monitoring for certain Windows API calls (e.g. `SetWindowsHook`, `GetKeyState`, and `GetAsyncKeyState`)(Citation: Adventures of a Keystroke), monitoring for malicious instances of [Command and Scripting Interpreter](https://attack.mitre.org/techniques/T1059), and ensuring no unauthorized drivers or kernel modules that could indicate keylogging or API hooking are present."
15,T1056.002,GUI Input Capture,"Adversaries may mimic common operating system GUI components to prompt users for credentials with a seemingly legitimate prompt. When programs are executed that need additional privileges than are present in the current user context, it is common for the operating system to prompt the user for proper credentials to authorize the elevated privileges for the task (ex: [Bypass User Account Control](https://attack.mitre.org/techniques/T1548/002)).

Adversaries may mimic this functionality to prompt users for credentials with a seemingly legitimate prompt for a number of reasons that mimic normal usage, such as a fake installer requiring additional access or a fake malware removal suite.(Citation: OSX Malware Exploits MacKeeper) This type of prompt can be used to collect credentials via various languages such as [AppleScript](https://attack.mitre.org/techniques/T1059/002)(Citation: LogRhythm Do You Trust Oct 2014)(Citation: OSX Keydnap malware)(Citation: Spoofing credential dialogs) and [PowerShell](https://attack.mitre.org/techniques/T1059/001).(Citation: LogRhythm Do You Trust Oct 2014)(Citation: Enigma Phishing for Credentials Jan 2015)(Citation: Spoofing credential dialogs) On Linux systems attackers may launch dialog boxes prompting users for credentials from malicious shell scripts or the command line (i.e. [Unix Shell](https://attack.mitre.org/techniques/T1059/004)).(Citation: Spoofing credential dialogs) ",https://attack.mitre.org/techniques/T1056/002,"Monitor process execution for unusual programs as well as malicious instances of [Command and Scripting Interpreter](https://attack.mitre.org/techniques/T1059) that could be used to prompt users for credentials. For example, command/script history including abnormal parameters (such as requests for credentials and/or strings related to creating password prompts) may be malicious.(Citation: Spoofing credential dialogs) 

Inspect and scrutinize input prompts for indicators of illegitimacy, such as non-traditional banners, text, timing, and/or sources. "
16,T1080,Taint Shared Content,"
Adversaries may deliver payloads to remote systems by adding content to shared storage locations, such as network drives or internal code repositories. Content stored on network drives or in other shared locations may be tainted by adding malicious programs, scripts, or exploit code to otherwise valid files. Once a user opens the shared tainted content, the malicious portion can be executed to run the adversary's code on a remote system. Adversaries may use tainted shared content to move laterally.

A directory share pivot is a variation on this technique that uses several other techniques to propagate malware when users access a shared network directory. It uses [Shortcut Modification](https://attack.mitre.org/techniques/T1547/009) of directory .LNK files that use [Masquerading](https://attack.mitre.org/techniques/T1036) to look like the real directories, which are hidden through [Hidden Files and Directories](https://attack.mitre.org/techniques/T1564/001). The malicious .LNK-based directories have an embedded command that executes the hidden malware file in the directory and then opens the real intended directory so that the user's expected action still occurs. When used with frequently used network directories, the technique may result in frequent reinfections and broad access to systems and potentially to new and higher privileged accounts. (Citation: Retwin Directory Share Pivot)

Adversaries may also compromise shared network directories through binary infections by appending or prepending its code to the healthy binary on the shared network directory. The malware may modify the original entry point (OEP) of the healthy binary to ensure that it is executed before the legitimate code. The infection could continue to spread via the newly infected file when it is executed by a remote system. These infections may target both binary and non-binary formats that end with extensions including, but not limited to, .EXE, .DLL, .SCR, .BAT, and/or .VBS.",https://attack.mitre.org/techniques/T1080,"Processes that write or overwrite many files to a network shared directory may be suspicious. Monitor processes that are executed from removable media for malicious or abnormal activity such as network connections due to Command and Control and possible network Discovery techniques.

Frequently scan shared network directories for malicious files, hidden files, .LNK files, and other file types that may not typical exist in directories used to share specific types of content."
17,T1091,Replication Through Removable Media,"Adversaries may move onto systems, possibly those on disconnected or air-gapped networks, by copying malware to removable media and taking advantage of Autorun features when the media is inserted into a system and executes. In the case of Lateral Movement, this may occur through modification of executable files stored on removable media or by copying malware and renaming it to look like a legitimate file to trick users into executing it on a separate system. In the case of Initial Access, this may occur through manual manipulation of the media, modification of systems used to initially format the media, or modification to the media's firmware itself.",https://attack.mitre.org/techniques/T1091,"Monitor file access on removable media. Detect processes that execute from removable media after it is mounted or when initiated by a user. If a remote access tool is used in this manner to move laterally, then additional actions are likely to occur after execution, such as opening network connections for Command and Control and system and network information Discovery."
18,T1185,Browser Session Hijacking,"Adversaries may take advantage of security vulnerabilities and inherent functionality in browser software to change content, modify user-behaviors, and intercept information as part of various browser session hijacking techniques.(Citation: Wikipedia Man in the Browser)

A specific example is when an adversary injects software into a browser that allows them to inherit cookies, HTTP sessions, and SSL client certificates of a user then use the browser as a way to pivot into an authenticated intranet.(Citation: Cobalt Strike Browser Pivot)(Citation: ICEBRG Chrome Extensions) Executing browser-based behaviors such as pivoting may require specific process permissions, such as <code>SeDebugPrivilege</code> and/or high-integrity/administrator rights.

Another example involves pivoting browser traffic from the adversary's browser through the user's browser by setting up a proxy which will redirect web traffic. This does not alter the user's traffic in any way, and the proxy connection can be severed as soon as the browser is closed. The adversary assumes the security context of whichever browser process the proxy is injected into. Browsers typically create a new process for each tab that is opened and permissions and certificates are separated accordingly. With these permissions, an adversary could potentially browse to any resource on an intranet, such as [Sharepoint](https://attack.mitre.org/techniques/T1213/002) or webmail, that is accessible through the browser and which the browser has sufficient permissions. Browser pivoting may also bypass security provided by 2-factor authentication.(Citation: cobaltstrike manual)",https://attack.mitre.org/techniques/T1185,"This may be a difficult technique to detect because adversary traffic may be masked by normal user traffic. New processes may not be created and no additional software dropped to disk. Authentication logs can be used to audit logins to specific web applications, but determining malicious logins versus benign logins may be difficult if activity matches typical user behavior. Monitor for [Process Injection](https://attack.mitre.org/techniques/T1055) against browser applications."
19,T1210,Exploitation of Remote Services,"Adversaries may exploit remote services to gain unauthorized access to internal systems once inside of a network. Exploitation of a software vulnerability occurs when an adversary takes advantage of a programming error in a program, service, or within the operating system software or kernel itself to execute adversary-controlled code. A common goal for post-compromise exploitation of remote services is for lateral movement to enable access to a remote system.

An adversary may need to determine if the remote system is in a vulnerable state, which may be done through [Network Service Scanning](https://attack.mitre.org/techniques/T1046) or other Discovery methods looking for common, vulnerable software that may be deployed in the network, the lack of certain patches that may indicate vulnerabilities,  or security software that may be used to detect or contain remote exploitation. Servers are likely a high value target for lateral movement exploitation, but endpoint systems may also be at risk if they provide an advantage or access to additional resources.

There are several well-known vulnerabilities that exist in common services such as SMB (Citation: CIS Multiple SMB Vulnerabilities) and RDP (Citation: NVD CVE-2017-0176) as well as applications that may be used within internal networks such as MySQL (Citation: NVD CVE-2016-6662) and web server services. (Citation: NVD CVE-2014-7169)

Depending on the permissions level of the vulnerable remote service an adversary may achieve [Exploitation for Privilege Escalation](https://attack.mitre.org/techniques/T1068) as a result of lateral movement exploitation as well.",https://attack.mitre.org/techniques/T1210,"Detecting software exploitation may be difficult depending on the tools available. Software exploits may not always succeed or may cause the exploited process to become unstable or crash. Also look for behavior on the endpoint system that might indicate successful compromise, such as abnormal behavior of the processes. This could include suspicious files written to disk, evidence of [Process Injection](https://attack.mitre.org/techniques/T1055) for attempts to hide execution, evidence of Discovery, or other unusual network traffic that may indicate additional tools transferred to the system."
20,T1213,Data from Information Repositories,"Adversaries may leverage information repositories to mine valuable information. Information repositories are tools that allow for storage of information, typically to facilitate collaboration or information sharing between users, and can store a wide variety of data that may aid adversaries in further objectives, or direct access to the target information. Adversaries may also abuse external sharing features to share sensitive documents with recipients outside of the organization. 

The following is a brief list of example information that may hold potential value to an adversary and may also be found on an information repository:

* Policies, procedures, and standards
* Physical / logical network diagrams
* System architecture diagrams
* Technical system documentation
* Testing / development credentials
* Work / project schedules
* Source code snippets
* Links to network shares and other internal resources

Information stored in a repository may vary based on the specific instance or environment. Specific common information repositories include web-based platforms such as [Sharepoint](https://attack.mitre.org/techniques/T1213/002) and [Confluence](https://attack.mitre.org/techniques/T1213/001), specific services such as Code Repositories, IaaS databases, enterprise databases, and other storage infrastructure such as SQL Server.",https://attack.mitre.org/techniques/T1213,"As information repositories generally have a considerably large user base, detection of malicious use can be non-trivial. At minimum, access to information repositories performed by privileged users (for example, Active Directory Domain, Enterprise, or Schema Administrators) should be closely monitored and alerted upon, as these types of accounts should generally not be used to access information repositories. If the capability exists, it may be of value to monitor and alert on users that are retrieving and viewing a large number of documents and pages; this behavior may be indicative of programmatic means being used to retrieve all data within the repository. In environments with high-maturity, it may be possible to leverage User-Behavioral Analytics (UBA) platforms to detect and alert on user based anomalies.

The user access logging within Microsoft's SharePoint can be configured to report access to certain pages and documents. (Citation: Microsoft SharePoint Logging) Sharepoint audit logging can also be configured to report when a user shares a resource. (Citation: Sharepoint Sharing Events) The user access logging within Atlassian's Confluence can also be configured to report access to certain pages and documents through AccessLogFilter. (Citation: Atlassian Confluence Logging) Additional log storage and analysis infrastructure will likely be required for more robust detection capabilities. "
21,T1213.001,Confluence,"
Adversaries may leverage Confluence repositories to mine valuable information. Often found in development environments alongside Atlassian JIRA, Confluence is generally used to store development-related documentation, however, in general may contain more diverse categories of useful information, such as:

* Policies, procedures, and standards
* Physical / logical network diagrams
* System architecture diagrams
* Technical system documentation
* Testing / development credentials
* Work / project schedules
* Source code snippets
* Links to network shares and other internal resources
",https://attack.mitre.org/techniques/T1213/001,"Monitor access to Confluence repositories performed by privileged users (for example, Active Directory Domain, Enterprise, or Schema Administrators) as these types of accounts should generally not be used to access information repositories. If the capability exists, it may be of value to monitor and alert on users that are retrieving and viewing a large number of documents and pages; this behavior may be indicative of programmatic means being used to retrieve all data within the repository. In environments with high-maturity, it may be possible to leverage User-Behavioral Analytics (UBA) platforms to detect and alert on user based anomalies.

User access logging within Atlassian's Confluence can be configured to report access to certain pages and documents through AccessLogFilter. (Citation: Atlassian Confluence Logging) Additional log storage and analysis infrastructure will likely be required for more robust detection capabilities."
22,T1213.002,Sharepoint,"Adversaries may leverage the SharePoint repository as a source to mine valuable information. SharePoint will often contain useful information for an adversary to learn about the structure and functionality of the internal network and systems. For example, the following is a list of example information that may hold potential value to an adversary and may also be found on SharePoint:

* Policies, procedures, and standards
* Physical / logical network diagrams
* System architecture diagrams
* Technical system documentation
* Testing / development credentials
* Work / project schedules
* Source code snippets
* Links to network shares and other internal resources
",https://attack.mitre.org/techniques/T1213/002,"The user access logging within Microsoft's SharePoint can be configured to report access to certain pages and documents. (Citation: Microsoft SharePoint Logging). As information repositories generally have a considerably large user base, detection of malicious use can be non-trivial. At minimum, access to information repositories performed by privileged users (for example, Active Directory Domain, Enterprise, or Schema Administrators) should be closely monitored and alerted upon, as these types of accounts should generally not be used to access information repositories. If the capability exists, it may be of value to monitor and alert on users that are retrieving and viewing a large number of documents and pages; this behavior may be indicative of programmatic means being used to retrieve all data within the repository. In environments with high-maturity, it may be possible to leverage User-Behavioral Analytics (UBA) platforms to detect and alert on user based anomalies. 

"
23,T1213.003,Code Repositories,"Adversaries may leverage code repositories to collect valuable information. Code repositories are tools/services that store source code and automate software builds. They may be hosted internally or privately on third party sites such as Github, GitLab, SourceForge, and BitBucket. Users typically interact with code repositories through a web application or command-line utilities such as git.


Once adversaries gain access to a victim network or a private code repository, they may collect sensitive information such as proprietary source code or credentials contained within software's source code.  Having access to software's source code may allow adversaries to develop [Exploits](https://attack.mitre.org/techniques/T1587/004), while credentials may provide access to additional resources using [Valid Accounts](https://attack.mitre.org/techniques/T1078).(Citation: Wired Uber Breach)(Citation: Krebs Adobe)",https://attack.mitre.org/techniques/T1213/003,"Monitor access to code repositories, especially performed by privileged users such as Active Directory Domain or Enterprise Administrators as these types of accounts should generally not be used to access code repositories. In environments with high-maturity, it may be possible to leverage User-Behavioral Analytics (UBA) platforms to detect and alert on user-based anomalies."
24,T1550.002,Pass the Hash,"Adversaries may “pass the hash” using stolen password hashes to move laterally within an environment, bypassing normal system access controls. Pass the hash (PtH) is a method of authenticating as a user without having access to the user's cleartext password. This method bypasses standard authentication steps that require a cleartext password, moving directly into the portion of the authentication that uses the password hash.

When performing PtH, valid password hashes for the account being used are captured using a [Credential Access](https://attack.mitre.org/tactics/TA0006) technique. Captured hashes are used with PtH to authenticate as that user. Once authenticated, PtH may be used to perform actions on local or remote systems.

Adversaries may also use stolen password hashes to ""overpass the hash."" Similar to PtH, this involves using a password hash to authenticate as a user but also uses the password hash to create a valid Kerberos ticket. This ticket can then be used to perform [Pass the Ticket](https://attack.mitre.org/techniques/T1550/003) attacks.(Citation: Stealthbits Overpass-the-Hash)",https://attack.mitre.org/techniques/T1550/002,"Audit all logon and credential use events and review for discrepancies. Unusual remote logins that correlate with other suspicious activity (such as writing and executing binaries) may indicate malicious activity. NTLM LogonType 3 authentications that are not associated to a domain login and are not anonymous logins are suspicious.

Event ID 4768 and 4769 will also be generated on the Domain Controller when a user requests a new ticket granting ticket or service ticket. These events combined with the above activity may be indicative of an overpass the hash attempt.(Citation: Stealthbits Overpass-the-Hash)"
25,T1550.003,Pass the Ticket,"Adversaries may “pass the ticket” using stolen Kerberos tickets to move laterally within an environment, bypassing normal system access controls. Pass the ticket (PtT) is a method of authenticating to a system using Kerberos tickets without having access to an account's password. Kerberos authentication can be used as the first step to lateral movement to a remote system.

When preforming PtT, valid Kerberos tickets for [Valid Accounts](https://attack.mitre.org/techniques/T1078) are captured by [OS Credential Dumping](https://attack.mitre.org/techniques/T1003). A user's service tickets or ticket granting ticket (TGT) may be obtained, depending on the level of access. A service ticket allows for access to a particular resource, whereas a TGT can be used to request service tickets from the Ticket Granting Service (TGS) to access any resource the user has privileges to access.(Citation: ADSecurity AD Kerberos Attacks)(Citation: GentilKiwi Pass the Ticket)

A [Silver Ticket](https://attack.mitre.org/techniques/T1558/002) can be obtained for services that use Kerberos as an authentication mechanism and are used to generate tickets to access that particular resource and the system that hosts the resource (e.g., SharePoint).(Citation: ADSecurity AD Kerberos Attacks)

A [Golden Ticket](https://attack.mitre.org/techniques/T1558/001) can be obtained for the domain using the Key Distribution Service account KRBTGT account NTLM hash, which enables generation of TGTs for any account in Active Directory.(Citation: Campbell 2014)

Adversaries may also create a valid Kerberos ticket using other user information, such as stolen password hashes or AES keys. For example, ""overpassing the hash"" involves using a NTLM password hash to authenticate as a user (i.e. [Pass the Hash](https://attack.mitre.org/techniques/T1550/002)) while also using the password hash to create a valid Kerberos ticket.(Citation: Stealthbits Overpass-the-Hash)",https://attack.mitre.org/techniques/T1550/003,"Audit all Kerberos authentication and credential use events and review for discrepancies. Unusual remote authentication events that correlate with other suspicious activity (such as writing and executing binaries) may indicate malicious activity.

Event ID 4769 is generated on the Domain Controller when using a golden ticket after the KRBTGT password has been reset twice, as mentioned in the mitigation section. The status code 0x1F indicates the action has failed due to ""Integrity check on decrypted field failed"" and indicates misuse by a previously invalidated golden ticket.(Citation: CERT-EU Golden Ticket Protection)"
26,T1557,Adversary-in-the-Middle,"Adversaries may attempt to position themselves between two or more networked devices using an adversary-in-the-middle (AiTM) technique to support follow-on behaviors such as [Network Sniffing](https://attack.mitre.org/techniques/T1040) or [Transmitted Data Manipulation](https://attack.mitre.org/techniques/T1565/002). By abusing features of common networking protocols that can determine the flow of network traffic (e.g. ARP, DNS, LLMNR, etc.), adversaries may force a device to communicate through an adversary controlled system so they can collect information or perform additional actions.(Citation: Rapid7 MiTM Basics)

Adversaries may leverage the AiTM position to attempt to modify traffic, such as in [Transmitted Data Manipulation](https://attack.mitre.org/techniques/T1565/002). Adversaries can also stop traffic from flowing to the appropriate destination, causing denial of service.",https://attack.mitre.org/techniques/T1557,Monitor network traffic for anomalies associated with known AiTM behavior. Consider monitoring for modifications to system configuration files involved in shaping network traffic flow.
27,T1557.001,LLMNR/NBT-NS Poisoning and SMB Relay,"By responding to LLMNR/NBT-NS network traffic, adversaries may spoof an authoritative source for name resolution to force communication with an adversary controlled system. This activity may be used to collect or relay authentication materials. 

Link-Local Multicast Name Resolution (LLMNR) and NetBIOS Name Service (NBT-NS) are Microsoft Windows components that serve as alternate methods of host identification. LLMNR is based upon the Domain Name System (DNS) format and allows hosts on the same local link to perform name resolution for other hosts. NBT-NS identifies systems on a local network by their NetBIOS name. (Citation: Wikipedia LLMNR) (Citation: TechNet NetBIOS)

Adversaries can spoof an authoritative source for name resolution on a victim network by responding to LLMNR (UDP 5355)/NBT-NS (UDP 137) traffic as if they know the identity of the requested host, effectively poisoning the service so that the victims will communicate with the adversary controlled system. If the requested host belongs to a resource that requires identification/authentication, the username and NTLMv2 hash will then be sent to the adversary controlled system. The adversary can then collect the hash information sent over the wire through tools that monitor the ports for traffic or through [Network Sniffing](https://attack.mitre.org/techniques/T1040) and crack the hashes offline through [Brute Force](https://attack.mitre.org/techniques/T1110) to obtain the plaintext passwords. In some cases where an adversary has access to a system that is in the authentication path between systems or when automated scans that use credentials attempt to authenticate to an adversary controlled system, the NTLMv2 hashes can be intercepted and relayed to access and execute code against a target system. The relay step can happen in conjunction with poisoning but may also be independent of it. (Citation: byt3bl33d3r NTLM Relaying)(Citation: Secure Ideas SMB Relay)

Several tools exist that can be used to poison name services within local networks such as NBNSpoof, Metasploit, and [Responder](https://attack.mitre.org/software/S0174). (Citation: GitHub NBNSpoof) (Citation: Rapid7 LLMNR Spoofer) (Citation: GitHub Responder)",https://attack.mitre.org/techniques/T1557/001,"Monitor <code>HKLM\Software\Policies\Microsoft\Windows NT\DNSClient</code> for changes to the ""EnableMulticast"" DWORD value. A value of “0” indicates LLMNR is disabled. (Citation: Sternsecurity LLMNR-NBTNS)

Monitor for traffic on ports UDP 5355 and UDP 137 if LLMNR/NetBIOS is disabled by security policy.

Deploy an LLMNR/NBT-NS spoofing detection tool.(Citation: GitHub Conveigh) Monitoring of Windows event logs for event IDs 4697 and 7045 may help in detecting successful relay techniques.(Citation: Secure Ideas SMB Relay)"
28,T1557.002,ARP Cache Poisoning,"Adversaries may poison Address Resolution Protocol (ARP) caches to position themselves between the communication of two or more networked devices. This activity may be used to enable follow-on behaviors such as [Network Sniffing](https://attack.mitre.org/techniques/T1040) or [Transmitted Data Manipulation](https://attack.mitre.org/techniques/T1565/002).

The ARP protocol is used to resolve IPv4 addresses to link layer addresses, such as a media access control (MAC) address.(Citation: RFC826 ARP) Devices in a local network segment communicate with each other by using link layer addresses. If a networked device does not have the link layer address of a particular networked device, it may send out a broadcast ARP request to the local network to translate the IP address to a MAC address. The device with the associated IP address directly replies with its MAC address. The networked device that made the ARP request will then use as well as store that information in its ARP cache.

An adversary may passively wait for an ARP request to poison the ARP cache of the requesting device. The adversary may reply with their MAC address, thus deceiving the victim by making them believe that they are communicating with the intended networked device. For the adversary to poison the ARP cache, their reply must be faster than the one made by the legitimate IP address owner. Adversaries may also send a gratuitous ARP reply that maliciously announces the ownership of a particular IP address to all the devices in the local network segment.

The ARP protocol is stateless and does not require authentication. Therefore, devices may wrongly add or update the MAC address of the IP address in their ARP cache.(Citation: Sans ARP Spoofing Aug 2003)(Citation: Cylance Cleaver)

Adversaries may use ARP cache poisoning as a means to intercept network traffic. This activity may be used to collect and/or relay data such as credentials, especially those sent over an insecure, unencrypted protocol.(Citation: Sans ARP Spoofing Aug 2003)
",https://attack.mitre.org/techniques/T1557/002,"Monitor network traffic for unusual ARP traffic, gratuitous ARP replies may be suspicious. 

Consider collecting changes to ARP caches across endpoints for signs of ARP poisoning. For example, if multiple IP addresses map to a single MAC address, this could be an indicator that the ARP cache has been poisoned."
29,T1567,Exfiltration Over Web Service,"Adversaries may use an existing, legitimate external Web service to exfiltrate data rather than their primary command and control channel. Popular Web services acting as an exfiltration mechanism may give a significant amount of cover due to the likelihood that hosts within a network are already communicating with them prior to compromise. Firewall rules may also already exist to permit traffic to these services.

Web service providers also commonly use SSL/TLS encryption, giving adversaries an added level of protection.",https://attack.mitre.org/techniques/T1567,"Analyze network data for uncommon data flows (e.g., a client sending significantly more data than it receives from a server). Processes utilizing the network that do not normally have network communication or have never been seen before are suspicious. User behavior monitoring may help to detect abnormal patterns of activity."
30,T1570,Lateral Tool Transfer,"Adversaries may transfer tools or other files between systems in a compromised environment. Files may be copied from one system to another to stage adversary tools or other files over the course of an operation. Adversaries may copy files laterally between internal victim systems to support lateral movement using inherent file sharing protocols such as file sharing over SMB to connected network shares or with authenticated connections with [SMB/Windows Admin Shares](https://attack.mitre.org/techniques/T1021/002) or [Remote Desktop Protocol](https://attack.mitre.org/techniques/T1021/001). Files can also be copied over on Mac and Linux with native tools like scp, rsync, and sftp.",https://attack.mitre.org/techniques/T1570,Monitor for file creation and files transferred within a network using protocols such as SMB. Unusual processes with internal network connections creating files on-system may be suspicious. Consider monitoring for abnormal usage of utilities and command-line arguments that may be used in support of remote transfer of files. Considering monitoring for alike file hashes or characteristics (ex: filename) that are created on multiple hosts.
